NOM USAGE,IDENTIFIANT UNIQUE,DESCRIPTION,TAGS,NOM OBJET,IDENTIFIANT OBJET,CONTROLEUR LUMIERE OBJET,BROCHE LUMIERE OBJET,NOM PIECE,IDENTIFIANT PIECE,COULEUR,POSITION,BROCHE RUBAN LED
Communiquer par email,4eca0367-0e61-4191-a501-c65230ed5e05,"L'email permet des échanges rapides et peu coûteux tout en conservant une trace écrite et la possibilité de transmettre des pièces jointes. Cependant, la sécurité et la confidentialité sont à prendre en compte, surtout pour les personnes en situation de fracture numérique. La sensibilisation aux bonnes pratiques et la réduction de la fracture numérique sont essentielles pour garantir un accès équitable aux services publics.",communication;numérique;traces,Boite aux lettres,074405cd-6989-4261-93fc-1db9224393c7,,,Entrée,ffd4bfd0-3977-4e1a-9124-da530eb522bb,,0,
"Avoir une bonne sécurité informatique (mot de passe, etc.)",75881718-fda1-4024-b049-3975288b4446,"Pour garantir une bonne sécurité informatique, il est essentiel de choisir des mots de passe solides et uniques pour chaque compte. Il est également important de les mettre à jour régulièrement et d'activer la double authentification lorsque possible. Enfin, il convient de rester vigilant face aux tentatives d'hameçonnage et de ne pas cliquer sur des liens ou télécharger des fichiers suspects.
",numérique;vigilance;sécurité,La porte d'entrée,3ee4272a-3584-4d83-b0c4-f414319da328,,,Entrée,ffd4bfd0-3977-4e1a-9124-da530eb522bb,,0,
"Composter, cultiver son potager",d36abff1-b458-4a23-910b-438d94a1bc2e,"Composter, c'est transformer les déchets organiques en engrais naturel. Cultiver son potager, c'est produire des aliments frais et sains de manière respectueuse de l'environnement.",compostage;potager;cultiver,Arrosoir,ec09f268-e1a8-4d76-8909-b986c6601ffb,,,Jardin,c36a8e9f-5aff-4c17-9fc0-f174abca030e,#FDD0B9,0,
Prendre soin des plantes,bc168278-6adf-4bab-892d-36d5b6773856,"Prendre soin des plantes, c'est leur fournir un environnement sain, les nourrir et les protéger pour favoriser leur croissance et profiter des bienfaits qu'elles offrent.",beauté;plantes,Jardinière,1e9e42c9-b5ba-4195-8ec5-5989175e7f1b,,,Jardin,c36a8e9f-5aff-4c17-9fc0-f174abca030e,#FDD0B9,0,
Se connecter à la nature,9dd606a9-40ce-4505-861e-6feb5d9833e7,"Prendre le temps de s'immerger dans la nature permet de développer un sentiment de respect et de responsabilité envers notre planète, ainsi qu'une prise de conscience de notre interdépendance avec les écosystèmes qui nous soutiennent. Cela est bénéfique pour l'équilibre mental et émotionnel et permet de s'inspirer à travers la beauté et la sagesse de la nature.",s'aerer;sortir;promenade;nature,Jardinière,1e9e42c9-b5ba-4195-8ec5-5989175e7f1b,,,Jardin,c36a8e9f-5aff-4c17-9fc0-f174abca030e,#FDD0B9,0,
Connecter à son voisinage,9bfcf82f-0154-4282-a140-486c072200a1,"Créer des liens de confiance et de soutien mutuel avec les personnes du voisinage favorise un sentiment d'appartenance à une communauté solidaire et bienveillante, renforçant ainsi le sentiment de sécurité. Cela peut être réalisé par la participation à des événements communautaires, des conversations informelles et l'offre d'aide aux autres.",entraide;lien;social,Portail,76ca8438-7dc0-463d-b48c-62fe1d1d0512,,,Jardin,c36a8e9f-5aff-4c17-9fc0-f174abca030e,#FDD0B9,0,
Prendre soin des animaux,7ded88dd-f4ac-429c-9cbd-e8c23abab1e7,"Prendre soin des animaux implique de les traiter avec compassion, de les écouter et de répondre à leurs besoins émotionnels. Savoir s'occuper de leur bien-être physique et psychologique en leur offrant une nourriture appropriée, un abri confortable et sécurisé, ainsi qu'une attention régulière.",chien;chat;animaux,La niche,3aa27006-828c-49fa-88af-0e89516ecb08,,,Jardin,c36a8e9f-5aff-4c17-9fc0-f174abca030e,#FDD0B9,0,
"Faire ses courses, commander, se faire livrer, acheter en proximité",bd28e8a0-c21b-47de-8de5-ffffd947a347,"Faire ses courses en ligne peut être pratique et éviter les déplacements. Les achats en proximité sont également une option, avec des services de livraison ou de drive.",ecommerce;acheter-local,Cagibi,89f307e7-e867-41d5-a189-fcc168933681,,,Cuisine,587e65f0-971e-48a0-bb63-9146f2c2c127,#EE7618,55,
S’informer sur la provenance et la constitution de ses aliments,269c9853-a39f-488a-b338-448f7221fe9b,"Il est important de savoir d'où viennent nos aliments et leur composition pour notre santé. Internet offre des informations précieuses, mais il est également important de vérifier la fiabilité des sources utilisées.",s'informer;s'alimenter;ecologie;bio;santé,Cagibi,89f307e7-e867-41d5-a189-fcc168933681,,,Cuisine,587e65f0-971e-48a0-bb63-9146f2c2c127,#EE7618,55,
Créer sois-même ses produits d’entretiens,e80fae24-a9b7-4a3a-b18e-f27066ff0f5e,"Le numérique peut aider à trouver des recettes pour fabriquer soi-même ses produits d'entretien à partir d'ingrédients simples et écologiques. Cependant il est important de respecter les normes de sécurité environnementales et de stockage des produits utilisés, pour éviter tout risque pour la santé ou l'environnement.",nettoyer;pollution;doityourself,Évier,32be3aad-923a-42a6-af0b-f03e58a85b51,,,Cuisine,587e65f0-971e-48a0-bb63-9146f2c2c127,#EE7618,55,
Gérer de manière économe et responsable sa consommation d’eau et d’énergie,2b342350-63d5-4d25-babd-287967896458," L'accés à l'eau étant de plus en plus restraint, il est important d'en préserver la qualité pour protéger notre environnement et notre santé. Pour réduire notre impact environnemental, nous pouvons commencer à  l'utilisation de produits respectueux de l'environnement. Des applications mobiles peuvent également nous aider à identifier les sources de pollution de l'eau et à agir en conséquence.",reduire-sa-consomation;eau;économie;gaspillage,Évier,32be3aad-923a-42a6-af0b-f03e58a85b51,,,Cuisine,587e65f0-971e-48a0-bb63-9146f2c2c127,#EE7618,55,
Gérer de manière économe et responsable sa consommation d’eau et d’énergie,2b342350-63d5-4d25-babd-287967896458," L'accés à l'eau étant de plus en plus restraint, il est important d'en préserver la qualité pour protéger notre environnement et notre santé. Pour réduire notre impact environnemental, nous pouvons commencer à  l'utilisation de produits respectueux de l'environnement. Des applications mobiles peuvent également nous aider à identifier les sources de pollution de l'eau et à agir en conséquence.",reduire-sa-consomation;eau;économie;gaspillage,Baignoire,1a265a82-137a-4a46-9c4c-fd519cf891db,2,A6,Salle de bain,7190a5b0-92e3-42cb-884e-73b5caa2d5b0,#db7665,260,25
Cuisiner pour se faire du bien et prendre du plaisir en mangeant,fb24c122-fdf7-47d1-bd54-d33c57ab151c,"Cuisiner pour se faire du bien et prendre du plaisir en mangeant peut améliorer notre santé physique et mentale. Cependant, cela peut être difficile pour les personnes qui ne savent pas cuisiner ou qui n'ont pas accès à des aliments sains. Il peut également être difficile de trouver des recettes adaptées à ses besoins ou à ses restrictions alimentaires. Différents sites internet peuvent aider à cuisiner en offrant des recettes et trouver des astuces, faciliter l'achat de produits des saisons, locaux et de qualités, ainsi que de se faire livrer à domicile. ",santé;prendre-du-plaisir;cuisiner,Four et gazinière,98de0ca0-cd0e-4f62-a839-b7568bc62826,,,Cuisine,587e65f0-971e-48a0-bb63-9146f2c2c127,#EE7618,55,
Rester en bonne santé avec le bon équilibre alimentaire,0d507ed2-9a6e-4845-92b0-79af4ef0f298,"Il est essentiel de maintenir une alimentation équilibrée pour rester en bonne santé. Cela implique de consommer des aliments variés en quantités adaptées, tout en évitant les aliments trop gras, sucrés ou salés. ",santé;alimentation,Four et gazinière,98de0ca0-cd0e-4f62-a839-b7568bc62826,,,Cuisine,587e65f0-971e-48a0-bb63-9146f2c2c127,#EE7618,55,
"Mieux utiliser ses déchets : cuisiner les restes, réutiliser, composter, trier",146e85b3-4af9-4e4f-8599-e09b8208b2c1,Le numérique peut être utile pour apprendre à mieux utiliser ses déchets en offrant des astuces et recettes pour cuisiner les restes et réutiliser les aliments. Certains services en lignes permettent également de mieux trier ses déchets et de trouver les lieux de collecte proches de chez-sois. Le compostage peut également être facilité grâce à internet proposant des conseils et des outils pour composter à la maison. ,compostage;déchets;anti-gaspillage;tri-sélectif,Poubelle,9baefb2e-6442-480b-a735-7f4a2aa266c3,,,Cuisine,587e65f0-971e-48a0-bb63-9146f2c2c127,#EE7618,55,
Trouver des invendus et des bonnes affaires pour éviter le gaspillage,4e343338-df53-4ec8-af74-0151a50bbc88,"Le numérique permet aujourd'hui de lutter contre le gaspillage alimentaire en proposant des plateformes pour acheter des invendus à prix réduits. Cela peut aider les personnes à faibles revenus, réduire la quantité de nourriture jetée et ainsi avoir un impact positif sur l'environnement.",s'alimenter;manger;économiser,Poubelle,9baefb2e-6442-480b-a735-7f4a2aa266c3,,,Cuisine,587e65f0-971e-48a0-bb63-9146f2c2c127,#EE7618,55,
S’alimenter tout au long de la semaine,d57dd406-5c70-4c8b-a70f-085ec006010d,"Il est important de choisir des aliments variés, de qualités et de vérifier les dates de péremption. Les régimes alimentaires particuliers nécessitent souvent des connaissances spécifiques. ",bio;manger-local,Réfrigérateur,11f475c7-286d-4418-bd9b-eedccb3ec186,,,Cuisine,587e65f0-971e-48a0-bb63-9146f2c2c127,#EE7618,55,
Partager des savoir-faire et cuisiner ensemble (parentalité),5acd5993-3fb7-464d-843b-88549a2fd1a4,L'utilisation d'Internet pour partager des recettes et des savoir-faire culinaires peut aider les parents à impliquer leurs enfants dans la cuisine et à leur apprendre des compétences culinaires importantes.,recettes-de-cuisine;cuisinier;partager,Tables et chaises,91004a04-0983-4720-b7a1-e9ef22658a3c,,,Cuisine,587e65f0-971e-48a0-bb63-9146f2c2c127,#EE7618,55,
Partager la charge mentale de la famille (égalité femme / homme),9cf73f1f-3ca6-4c86-91e0-04f2f2fb4582,Le numérique peut aider à partager la charge mentale de la famille en facilitant la communication et la coordination des tâches entre les membres de la famille. Cela peut répondre à une meilleure répartition des responsabilités entre les hommes et les femmes et contribuer à une plus grande égalité entre les sexes. ,tache-ménagère;charges-mentales;égalité-homme-femme,Tables et chaises,91004a04-0983-4720-b7a1-e9ef22658a3c,,,Cuisine,587e65f0-971e-48a0-bb63-9146f2c2c127,#EE7618,55,
Se connecter à internet et gérer ses forfaits mobiles,c48ef9bd-6fe5-454f-ba3e-2ef5f37a90bc,"Se connecter à internet et gérer ses forfaits mobiles peut sembler compliqué, mais c'est essentiel pour pouvoir accéder aux services en ligne et communiquer avec les autres. Pour se connecter à internet, il est important d'avoir une connexion stable et rapide, ce qui peut nécessiter l'achat d'un équipement spécifique. Pour gérer ses forfaits mobiles, il est important de comprendre les différentes options disponibles et de choisir celle qui convient le mieux à vos besoins.

",forfait;4g;téléphone,Box internet,6b224af1-aad6-45d4-b876-434963208937,,,Bureau,10e285bc-e7d2-4464-abde-bdc2b7c4204e,#7e7cc1,120,
Se connecter à internet et gérer ses forfaits mobiles,c48ef9bd-6fe5-454f-ba3e-2ef5f37a90bc,"Se connecter à internet et gérer ses forfaits mobiles peut sembler compliqué, mais c'est essentiel pour pouvoir accéder aux services en ligne et communiquer avec les autres. Pour se connecter à internet, il est important d'avoir une connexion stable et rapide, ce qui peut nécessiter l'achat d'un équipement spécifique. Pour gérer ses forfaits mobiles, il est important de comprendre les différentes options disponibles et de choisir celle qui convient le mieux à vos besoins.

",forfait;4g;téléphone,Bureau ordinateur,4aed0ec1-bcfb-4199-8dbe-0944ef56b568,,,Bureau,10e285bc-e7d2-4464-abde-bdc2b7c4204e,#7e7cc1,120,
"Communiquer et garder contact avec les réseaux (Facebook, email, blogging)",a71169bc-4d7e-4fba-90e6-79933d7ce500,Communiquer par le biais des réseaux sociaux permet de garder contact avec ses amis ou sa famille et d'avoir connaissance des actualités. Vous pouvez également trouver des ressources pour vous accompagner dans vos pratiques numériques et vos démarches. ,communication;réseau-sociaux;email,Bureau ordinateur,4aed0ec1-bcfb-4199-8dbe-0944ef56b568,,,Bureau,10e285bc-e7d2-4464-abde-bdc2b7c4204e,#7e7cc1,120,
Organiser son travail et gérer son entreprise,50a0537d-1ba0-4821-8f26-f3f231e194d8,"A l'heure où le télétravail est de plus en plus commun dans nos vies professionnelles, il est important d'avoir des outils numériques pratiques pour pouvoir faire des videoconférences et intéragir avec son équipe mais aussi organiser ses tâches, son calendrier et ses documents",entreprise;entrepreunariat;boite,Bureau ordinateur,4aed0ec1-bcfb-4199-8dbe-0944ef56b568,,,Bureau,10e285bc-e7d2-4464-abde-bdc2b7c4204e,#7e7cc1,120,
Produire des contenus numériques et les diffuser.,ff37dd2b-c376-4d3b-ab6d-0c96beac89da,"Produire des contenus numériques, comme des vidéos, des photos ou des textes, est devenu accessible à tous grâce aux outils numériques. Cependant, leur diffusion doit être effectuée avec prudence, en respectant les droits d'auteur et la vie privée des autres. La création de contenus peut également impliquer l'utilisation de logiciels spécifiques, nécessitant une certaine formation. Pour les diffuser, les réseaux sociaux sont souvent utilisés, mais il est important de comprendre les risques liés à la publication de contenus en ligne, notamment en termes de cybersécurité et de respect de la vie privée.",diffuser-ces-productions;créateur-de-contenu;streamer;youtube,Bureau ordinateur,4aed0ec1-bcfb-4199-8dbe-0944ef56b568,,,Bureau,10e285bc-e7d2-4464-abde-bdc2b7c4204e,#7e7cc1,120,
Travailler de chez soi (Télétravailler et faire une visioconférence),020f19a0-21fb-4cd4-a86a-ab2a6dea8dcf,"Le télétravail est de plus en plus généralisé dans différentes professions. Il peut offrir des avantages comme la flexibilité et l'économie de temps et d'argent. L’augmentation de télétravailleur est possible grâce à des outils de visioconférence, permettent des réunions en ligne. Cependant, le télétravail peut également entraîner des défis sur la séparation des espaces de travail et de vie personnelle.",visio-conférence;travai-là-distance;télétravail,Bureau ordinateur,4aed0ec1-bcfb-4199-8dbe-0944ef56b568,,,Bureau,10e285bc-e7d2-4464-abde-bdc2b7c4204e,#7e7cc1,120,
La scolarité / éducation,54cce711-5dee-46b7-a316-9739f256d9f5,"Pour entrerprendre et suivre la scolarité de ses enfants, de nombreuses démarches et demandes de renseignements peuvent être effectuées en ligne. Cela vous permet de limiter vos déplacements et d’obtenir rapidement, à distance, de nombreuses informations et des éléments fournis par le rectorat et les services de l’éducation nationale.",scolarité;orientation;ecole,Cartable,6ba8efb3-c66b-4689-abd0-1d68d9685778,,,Bureau,10e285bc-e7d2-4464-abde-bdc2b7c4204e,#7e7cc1,120,
"Apprendre en s’amusant avec un podcast, un tutoriel, etc.",8f3a0a6e-e951-4e75-ab18-25e35f7220ab,"Pour continuer son apprentissage tout au long de sa vie il existe plusieurs façons amusantes d'apprendre en ligne, notamment les jeux éducatifs, les vidéos et applications éducatives, les cours en ligne, les blogs et sites web éducatifs, ainsi que les réseaux sociaux. Ces ressources peuvent être utilisées pour apprendre de manière interactive sur une variété de sujets, y compris les mathématiques, les langues, les sciences, l'histoire, l'art et la culture. En explorant ces différentes méthodes, vous pouvez trouver celle qui vous convient le mieux pour apprendre en vous amusant sur Internet. 
",se-former;découvrir;apprendre,Dictionnaire,10dd9ae9-97e8-4654-b8ad-499a2c9f81ba,,,Bureau,10e285bc-e7d2-4464-abde-bdc2b7c4204e,#7e7cc1,120,
Traduire un document ou apprendre une langue,6bb0c378-2565-4cfa-b60e-11f8da651cf1,"Traduire un document peut s'avérer être un travail long et intense, mais grâce à Internet il y a des façons plus rapides et performantes de le faire. On peut aussi apprendre des langues en s'amusant, en écoutant des podascts, en regardant des tutoriels, en testant ses connaissances grâce a des quizz en ligne ! A chacun.e son apprentissage. ",parler-une-langue;s'ouvrir-à-d-autres-cultures,Dictionnaire,10dd9ae9-97e8-4654-b8ad-499a2c9f81ba,,,Bureau,10e285bc-e7d2-4464-abde-bdc2b7c4204e,#7e7cc1,120,
Faire des démarches administratives et accéder à ses droits,863a9653-4bd2-4242-8daa-bd6b214318d2,"De nos jours les démarches administratives sont quasiment toutes démarterialisées, avoir un contact avec une vraie personne s'avère compliqué, c'est pourquoi s'informer sur ses droits sociaux est indispensable. Il est possible de faire des simulations en ligne pour savoir à quelles aides nous sommes eligibles. Selon votre situation, différentes informations, structures sont partagées pour réaliser des démarches adaptées à vos besoins.",droits;administration,Etagère à dossier,4ac3580b-5470-46d8-8d90-5530b1a9e095,,,Bureau,10e285bc-e7d2-4464-abde-bdc2b7c4204e,#7e7cc1,120,
"Gérer son argent (compte en ligne, impôts)",503c427f-0b9a-4a7e-94c3-6daf2caa41e0,"Gérer son argent se fait maintenant en ligne, ainsi que les déclarations d'impôts. Nous pouvons parfois avoir des difficultés à choisir telle ou telle banque, ou faire ses déclarations d'impôts,  c'est pourquoi être accompagné dans ce type de démarches peut s'avérer être une aide précieuse, pour ceux.elle.s qui n'ont pas l'habitude ou qui ne sont pas à l'aise avec les services numériques. ",banque;argents;tresorerie,Etagère à dossier,4ac3580b-5470-46d8-8d90-5530b1a9e095,,,Bureau,10e285bc-e7d2-4464-abde-bdc2b7c4204e,#7e7cc1,120,
"Organiser, classer, archiver ces données (Drive / Calendrier / todo list / etc.)",c806b8db-84b3-44aa-ba62-eca330728d64,"Reunir toutes ses données, les organiser, les classer, les archiver c'est possible grâce à des services numériques sécurisés, qui vous permettent de ne pas éparpiller vos données personnelles et de vous perdre. Avec le nombre d'informations que nous avons aujourd'hui à stocker, il est nécéssaire d'avoir des services où nous pouvons tout regrouper de façon fiable.",archiver;s'organiser;retrouver-ces-documents,Etagère à dossier,4ac3580b-5470-46d8-8d90-5530b1a9e095,,,Bureau,10e285bc-e7d2-4464-abde-bdc2b7c4204e,#7e7cc1,120,
Choisir son matériel informatique et l’entretenir,36753847-84a6-4d33-828b-039caec376c3,Choisir son matériel informatique peut être complexe pour les novices. Il est important de se renseigner sur les différents types d'appareils et leurs fonctions pour choisir celui qui convient le mieux à ses besoins. Entretenir son matériel informatique permet de prolonger sa durée de vie et de réduire les coûts de réparation. ,entretenir-son-ordinateur;réparer,Imprimante,cf3acdd3-19eb-490b-b825-465b13c937f2,,,Bureau,10e285bc-e7d2-4464-abde-bdc2b7c4204e,#7e7cc1,120,
"Trouver un travail (rechercher un job, faire un CV et utiliser LinkedIn)",7e4e2bb6-813c-449e-bd60-26a85ec93362,"Trouver du travail peut se faire en se déplacant, en toquant aux portes, mais c'est aussi possible de chercher depuis chez vous en passant par des réseaux professionnels, ou des sites de recrutement.  Pour cela, il est important d'avoir un CV qui mettra en valeur vos compétences par une mise en page claire, grâce à des sites de design facile d'utilisation et accessible gratuitement à tous.te.s. ",entretiens-d-embauches;emploi;formation,Imprimante,cf3acdd3-19eb-490b-b825-465b13c937f2,,,Bureau,10e285bc-e7d2-4464-abde-bdc2b7c4204e,#7e7cc1,120,
Se maintenir en forme et se défouler en pratiquant des activités physique,ec534303-4c9d-4552-8c24-bc2199257520,"Pratiquer une activité physique régulière permet de se maintenir en forme, de se défouler et de prendre soin de sa santé mentale. Il est important de ne pas se culpabiliser si on ne peut pas suivre un rythme intense et de trouver une pratique qui convient à ses besoins et capacités.",santé;fitness;activité-physique;sport,Equipement sportif,9bd9587c-4d37-4abb-8d32-5f7b67758a21,,,Chambre,6ac60b3d-66c2-4c41-ae31-43e87e776b4d,#153244,190,
S’habiller de façon responsable et réparer ses vêtements,03836f92-5de2-4488-a770-f8498d762a33,"Pour s'habiller de manière responsable, il est important d'acheter des vêtements de qualité, de prendre soin de ses vêtements existants en les réparant et en les recyclant, et d'éviter la fast fashion. Les tutoriels en ligne peuvent aider à apprendre à réparer ses vêtements, et les plateformes d'échange ou de vente peuvent permettre de donner une seconde vie à ses vêtements.",mode;friperie;secondes-mains;dégriff,Garde robe,149766bf-4b9d-4383-973c-72034b1c802a,,,Chambre,6ac60b3d-66c2-4c41-ae31-43e87e776b4d,#153244,190,
Avoir un sommeil de qualité et réparateur,184fa9c3-40d3-4581-bbd9-3afe0cf6c18d,"Le sommeil est une de composante majeur de notre santé. Pour un sommeil de qualité, il est important de maintenir une routine de sommeil régulière, d'éviter les écrans avant de se coucher et de créer un environnement propice au sommeil. Des outils peuvent être utiles pour surveiller la qualité de votre sommeil, mais il est important de ne pas se fier uniquement à la technologie pour réguler son rythme de sommeil et d'adapter sont rythme de vie.",santé;sommeil;repos,Lit,ee9a23e6-ed9b-4a09-ba2c-a6cdb3960f04,,,Chambre,6ac60b3d-66c2-4c41-ae31-43e87e776b4d,#153244,190,
Avoir une intimité et une sexualité respectueuse et epanouie,2c8c6c97-1b38-474d-a207-559ef29ff554,"Il est important de respecter son propre rythme et ses limites en matière de sexualité, tout en étant à l'écoute et en respectant celles de son ou sa partenaire. S'informer sur les pratiques et les questions de sexualité peut être un moyen pour mettre de la communication et du dialogue dans les relations intimes. De plus, il est primordial de bien se protéger des infections sexuellement transmissibles et de se renseigner les moyens de contraception à disposition et des impacts qu'ils peuvent avoir tant d'un point de vue hormonal que pour la charge mentale que cela peut représenter.",respect;sexualité;intimité;amusement,Lit,ee9a23e6-ed9b-4a09-ba2c-a6cdb3960f04,,,Chambre,6ac60b3d-66c2-4c41-ae31-43e87e776b4d,#153244,190,
Apprendre à être parents et prendre soin d’un bébé,91cced25-9d56-4611-9c36-8f62d4f8ccb8,"Devenir parents est autant une joie qu'un bouleversement dans une vie et savoir comment s'y prendre n'est pas inné. Pour vivre positivement la parentalité, il est important de s'informer sur les différents aspects tels que l'alimentation, l'hygiène et le développement de l'enfant. Il existe important de trouver, des informations fiables qui nous correspondent, mais l'expérience et l'entraide sont tout aussi importantes. Chaque parent est différent et il n'y a pas de méthode universelle pour élever un enfant, donc il ne faut pas se culpabiliser et faire de son mieux en fonction de ses propres valeurs et de celles de sa famille.",enfants;parentalité;éducation,Lit enfant,7cf7045f-d605-44fa-b4e6-bcc121624871,3,B7,Chambre,6ac60b3d-66c2-4c41-ae31-43e87e776b4d,#153244,190,
Gérer son temps d’écran,8f68b155-50b8-4bb8-a2f5-5be32a35a09d,"Les écrans prennent de plus en plus de place dans nos vies. Il est nécessaire de prendre conscience de son temps d'écran et de fixer des limites pour éviter les risques de dépendance, de dégradation du sommeil, etc. Pour cela, l'on peut privilégier les activités hors écran pour varier les plaisirs et limiter les effets néfastes sur la santé. Il est également possible de se faire aider par des applications qui permettent de suivre son temps d'écran et de se fixer des objectifs adaptés à ses pratiques.",réseau-sociaux;addiction-aux-écrans;temps-d-écran,Table de chevet,31262ece-a362-4847-be80-9373c7be63d9,3,AO,Chambre,6ac60b3d-66c2-4c41-ae31-43e87e776b4d,#153244,190,
S’inspirer et se ressourcer autour de la lecture,691a187e-13bc-4f3d-b55c-207041a77403,"Pour s'inspirer et se ressourcer à travers la lecture, il est important de choisir des livres qui répondent à ses centres d'intérêts et à ses besoins. Les plateformes en ligne permettent d'accéder à une grande variété de livres, mais il ne faut pas négliger l'importance des librairies locales. Il est également bénéfique de partager ses découvertes littéraires avec d'autres passionnés de lecture.",bande-dessinée;s'évader;se-cultiver;livre,Table de chevet,31262ece-a362-4847-be80-9373c7be63d9,3,AO,Chambre,6ac60b3d-66c2-4c41-ae31-43e87e776b4d,#153244,190,
Contrôler son état de santé,12be9e88-1b51-4ecb-8910-3ae17bc725c8,"Pour contrôler son état de santé, il est important de se renseigner auprès de professionnels de santé qualifiés, de prendre des rendez-vous réguliers et de suivre les prescriptions médicales. Pour cela, il est important d'avoir un médecin traitant déclaré qui peut être une ressource de confiance. Les applications mobiles et les objets connectés peuvent également être utiles pour suivre et enregistrer ses données de santé, notamment pour surveiller son poids et prévenir l'obésité, mais il est essentiel de veiller à leur fiabilité et à leur sécurité.",santé;obésité;poids,Balance,31255aa5-7160-4663-86e0-8358558abdca,2,B3,Salle de bain,7190a5b0-92e3-42cb-884e-73b5caa2d5b0,#db7665,260,25
"Avoir un bon usage de l’eau, faire attention à la pollution de l’eau",bac7a622-00b8-4ca4-aa88-e8819b7dbc69,"L'accès à l'eau est un droit, mais avec le réchauffement climatique la ressource en eau va diminuer et son accès sera de plus en plus contraint. Pour cela, il est nécessaire de faire attention à notre consommation d'eau. Pour réduire notre consommation nous pouvons adopter la pratique de récupération d'eau de pluie. ",économiser;usages;douche;qualitédel'eau,Chauffe eau,7852c0b7-c9ac-4834-a556-ad2e3b0bc996,1,A3,Salle de bain,7190a5b0-92e3-42cb-884e-73b5caa2d5b0,#db7665,260,25
"Avoir une bonne hygiène au quotidien (dents, mains)",ed8dd7bf-97bc-4edc-b531-bc5a3d30ae51,"Avoir une bonne hygiène au quotidien est essentiel pour maintenir une bonne santé. Cela implique de se laver les mains régulièrement, de prendre soin de sa peau et de sa bouche, de porter des vêtements propres et de veiller à l'hygiène de son environnement. En adoptant de bonnes pratiques d'hygiène, nous pouvons prévenir de nombreuses maladies et infections et vivre en meilleure santé",santé;hygiène;bonne-pratiques;microbe,Miroir et lavabo,f5849ae9-e6c3-462a-9dee-667517b5584a,1,B3,Salle de bain,7190a5b0-92e3-42cb-884e-73b5caa2d5b0,#db7665,260,25
Bien vieillir,cb3c345d-98ef-47d2-9977-54e9b02d9af2,"Pour bien vieillir, il est important de maintenir une vie active et sociale, de veiller à une alimentation équilibrée et adaptée à ses besoins, et de faire régulièrement de l'exercice physique. Il est également essentiel de préserver sa santé mentale en pratiquant des activités qui favorisent le bien-être et en restant connecté avec ses proches et la communauté.",maintien-à-domicile;vieillir-entouré;prévoir-sa-fin-de-vie;maison-de-retraite,Miroir et lavabo,f5849ae9-e6c3-462a-9dee-667517b5584a,1,B3,Salle de bain,7190a5b0-92e3-42cb-884e-73b5caa2d5b0,#db7665,260,25
Gérer son image et prendre conscience de soi,6fce679f-64a1-4f7e-b147-34e725246bd4,"Pour gérer son image et prendre conscience de soi, il est important de contrôler ses traces numériques, de ne pas surexposer sa vie privée en ligne et de respecter les autres sur les réseaux sociaux. Il est également essentiel de s'informer et de se former aux enjeux de la sécurité numérique pour protéger sa vie privée et son identité en ligne. Enfin, il est recommandé de prendre régulièrement du recul sur sa propre image en ligne pour éviter toute forme de surconsommation et de dépendance aux réseaux sociaux.
",réseau-sociaux;vie-privée;filtrephoto;image-de-soi,Miroir et lavabo,f5849ae9-e6c3-462a-9dee-667517b5584a,1,B3,Salle de bain,7190a5b0-92e3-42cb-884e-73b5caa2d5b0,#db7665,260,25
Prendre soin de sa santé mentale,dc2cec5c-c2ed-4a2f-bbbf-1f71a88eac00,"Pour prendre soin de sa santé mentale, il est important de faire des activités relaxantes, de pratiquer une activité physique régulière et d'avoir une alimentation équilibrée. Il est également important de savoir quand demander de l'aide et de ne pas hésiter à consulter un professionnel de santé mentale si nécessaire.",psychologie;dépression;thérapie,Miroir et lavabo,f5849ae9-e6c3-462a-9dee-667517b5584a,1,B3,Salle de bain,7190a5b0-92e3-42cb-884e-73b5caa2d5b0,#db7665,260,25
Accéder à un professionnel de santé,ef077fdb-9689-448b-96f4-89ec5c0a8194,"Pour accéder à un professionnel de santé de manière efficace, il est important de privilégier les services en ligne officiels et sécurisés, tels que les plateformes de rendez-vous médicaux. Il est également recommandé de se renseigner sur les sites internet et les applications proposant des conseils de santé, en vérifiant leur fiabilité et en évitant les informations alarmistes ou trompeuses. Les règles de confidentialité des données de santés ne sont pas anodine, aussi il est important de pas divulguer d'informations personnelles sensibles en ligne ou à n'importe qui.",santé;généraliste;médecin-traitant;hopital,Trousse à pharmacie,9a06be59-b668-4673-801b-774e9405e4a7,,,Salle de bain,7190a5b0-92e3-42cb-884e-73b5caa2d5b0,#db7665,260,25
Fabriquer soi-même ses cosmétiques,4c49745a-99d6-4f10-8ba3-c3f1c296a57e,Se lancer dans la fabrication de ses propres cosmétiques permet de contrôler les ingrédients utilisés et de réduire l'impact sur l'environnement. Il est important de s'informer sur les bonnes pratiques et de suivre les recettes avec attention pour garantir leur efficacité et leur sécurité. Les ressources en ligne peuvent aider à trouver des idées et des conseils pour réussir ses cosmétiques maison.,maquillage;salon-naturel;produit-de-beauté,Trousse à pharmacie,9a06be59-b668-4673-801b-774e9405e4a7,,,Salle de bain,7190a5b0-92e3-42cb-884e-73b5caa2d5b0,#db7665,260,25
Se proteger des risques d'addiction et des drogues,635c6da3-ccf2-4b95-9a09-28e6426bdbfa,"Pour se protéger des risques d'addiction et des drogues, il est important de se renseigner sur les effets de ces substances et les risques associés, de connaître ses limites et de savoir dire non. Les outils numériques peuvent être utiles pour trouver des informations fiables et des services d'aide, mais il est également essentiel de s'appuyer sur un réseau de soutien physique et émotionnel pour se remettre d'une addiction et accéder à différentes ressources disponibles pour aider à prévenir et traiter l'addiction. L'addiction est une maladie et qu'elle ne doit pas être stigmatisée ou jugée.
",désintoxification;santé-et-prévention,Trousse à pharmacie,9a06be59-b668-4673-801b-774e9405e4a7,,,Salle de bain,7190a5b0-92e3-42cb-884e-73b5caa2d5b0,#db7665,260,25
Se protéger et choisir sa contraception,d1b04093-36f5-4b02-ba44-b0b9c2e8c039,"Se protéger et de choisir sa contraception permet d'éviter les risques de grossesse non désirée et de maladies sexuellement transmissibles. Il est essentiel de considérer la charge contraceptive, c'est-à-dire la responsabilité et les conséquences liées à l'utilisation de celui ou celle qui utilise la contraception. Les outils en ligne peuvent offrir de nombreuses options en matière de contraception, mais il est important de se faire accompagner par un professionnel de santé pour choisir la méthode la plus adaptée à ses besoins et à sa situation",pilulle;stérilet;slip-chauffant;hormone,Trousse à pharmacie,9a06be59-b668-4673-801b-774e9405e4a7,,,Salle de bain,7190a5b0-92e3-42cb-884e-73b5caa2d5b0,#db7665,260,25
Apprendre avec des tutoriels,620eeece-054e-45f5-94fa-7df78557af07,"Apprendre avec des tutoriels en ligne offre de nombreux avantages. Tout d'abord, cela permet d'apprendre à son propre rythme et selon ses propres besoins, en choisissant les sujets et les compétences à développer. Ensuite, cela permet d'accéder à une grande variété de contenus de formation à des prix différents.  il est important de se rappeler que l'apprentissage ne se limite pas aux tutoriels en ligne et que la pratique et la mise en application des compétences apprises sont essentielles.",se-former;apprendre;tutoriels,Bibliothèque,eb7299ee-aafd-41be-b33e-915fa71825be,,,Salon,98dd6d2c-8ede-45c4-a0ea-490e988fd48b,#2F4C27,330,
Lire et pratiquer la lecture,f01c1c40-05f3-4242-922d-747721a37d6f,"Avec l'avènement du numérique, la lecture sur internet est devenue un moyen courant de se divertir et d'acquérir des connaissances.  Il est également important de s'assurer que les informations lues sont de sources crédibles et vérifiées. La lecture en ligne peut parfois conduire à une surcharge d'informations, il est donc crucial d'apprendre à filtrer et à trier les données pour éviter l'overdose d'informations.",bande-dessinée;se-cultiver;livre,Bibliothèque,eb7299ee-aafd-41be-b33e-915fa71825be,,,Salon,98dd6d2c-8ede-45c4-a0ea-490e988fd48b,#2F4C27,330,
Profitez de l’offre culturelle locale,8de63c00-4be8-4829-a435-2dda61031669,"Profiter de l’offre culturelle locale est important pour découvrir et s’immerger dans son territoire. Cela peut inclure la visite de musées, de galeries d'art, de théâtres et d'autres lieux de divertissement culturel. De plus, la participation à des événements culturels locaux, tels que des festivals et des concerts, peut aider à renforcer les liens sociaux, la convivialité et la rencontre d’autrui. ",sortir;découvrir;se-diverstir,Bibliothèque,eb7299ee-aafd-41be-b33e-915fa71825be,,,Salon,98dd6d2c-8ede-45c4-a0ea-490e988fd48b,#2F4C27,330,
héberger (migrant / touriste / couchsurfing / airbnb / etc.),6bde136d-4b47-434d-bc57-f936175ec00b,"L'hébergement chez l'habitant via internet présente plusieurs avantages. Pour les voyageurs, il peut offrir une alternative moins coûteuse aux hôtels et leur permettre de vivre une expérience plus authentique. Cela peut permettre aussi de répondre à des enjeux de solidarité, en hébergeant des personnes dans le besoin.",accueillir;heberger;voyager,Canapé,1fdde539-1bb3-48b2-8d8e-80e5069aeba5,,,Salon,98dd6d2c-8ede-45c4-a0ea-490e988fd48b,#2F4C27,330,
Rencontrer de nouvelles personnes et accueillir des amis,27bc93c9-2a43-40d9-a725-e6b003f73774,"Internet permet de rencontrer de nouvelles personnes grâce à des plateformes dédiées, telles que les réseaux sociaux, les sites de rencontres, les forums, les communautés en ligne, etc. Cependant, il est important de prendre des précautions pour assurer sa sécurité en ligne, en évitant de partager des informations personnelles, en vérifiant l'authenticité des personnes et des profils, en étant vigilant quant aux arnaques et aux fraudes, etc. ",amitié;communauté;rencontrer;réseau-perso,Canapé,1fdde539-1bb3-48b2-8d8e-80e5069aeba5,,,Salon,98dd6d2c-8ede-45c4-a0ea-490e988fd48b,#2F4C27,330,
Écouter et découvrir de la musique,16648da3-d810-4546-abb7-92469622347b,"Internet offre une variété de plateformes pour écouter et découvrir de la musique. Les enjeux comprennent la protection des droits d'auteur, la qualité du son, l'ergonomie des plateformes et la découverte de nouveaux artistes. Les utilisateurs doivent être conscients des risques potentiels de téléchargement illégal.",s'évader;musique,Chaîne Hifi,5182f9c7-bcde-42d9-ad2c-4213a3697ac6,,,Salon,98dd6d2c-8ede-45c4-a0ea-490e988fd48b,#2F4C27,330,
S’informer et suivre l’actualité,a1830f11-55c5-40bc-bd51-5ee5d80dff30,"S'informer et suivre l'actualité sur internet est une pratique de plus en plus courante. Cela permet d'accéder rapidement à une grande quantité d'informations, mais il est important de savoir trier et vérifier les sources pour éviter les fake news. Les réseaux sociaux peuvent être utiles, mais il est préférable de privilégier les sites d'information fiables et de se méfier des articles à sensation. De plus, il est important de respecter les droits d'auteur et de ne pas partager des contenus illégaux.",actualité;actu;information,Journal,56c3ae0d-0b81-4580-82be-c4280ea913c4,,,Salon,98dd6d2c-8ede-45c4-a0ea-490e988fd48b,#2F4C27,330,
Gérer sa consommation d’énergie,0900ef5d-3b4c-4366-b103-bd213592ce4f,"Gérer sa consommation d'énergie est devenu un enjeu majeur pour réduire les coûts et l'impact sur l'environnement. Avec internet, il est possible de surveiller sa consommation et de la réduire en prenant des mesures simples.Il est aussi possible de choisir des équipements électroménagers économes en énergie. Internet offre également des options pour comparer les fournisseurs d'énergie et trouver les offres les plus avantageuses.",energie;facture;economie,Radiateur,5fdccae2-af8c-499b-bd31-36c65f0c1989,,,Salon,98dd6d2c-8ede-45c4-a0ea-490e988fd48b,#2F4C27,330,
Jouer et se divertir seul et en famille,e9f7ca2a-c8b8-4d15-8fa2-6564847f97b9,"Jouer et se divertir sur internet est devenu une pratique courante pour beaucoup de personnes, que ce soit seul ou en famille. Cela permet de découvrir de nouveaux jeux, de passer le temps de manière ludique et de partager des moments de convivialité. ",jeu-de-société;s'amuser;jouer,Table basse,ca5e4efa-d9e4-485b-af10-e4d6c2baa5cd,,,Salon,98dd6d2c-8ede-45c4-a0ea-490e988fd48b,#2F4C27,330,
Jouer en ligne (jeu vidéo),fcde7e1b-43fb-47a5-8a9d-e7826e6c5a20,"Jouer et se divertir sur internet offre de nombreuses opportunités, notamment pour se distraire en famille. Cependant, cela peut également entraîner une dépendance et des risques de sécurité, tels que les jeux d'argent et les achats en ligne compulsifs.
",jeux-online;internet;jeux-vidéos;réseau,TV et console vidéo,674677cc-7ddd-492e-96fd-47d95acf4219,,,Salon,98dd6d2c-8ede-45c4-a0ea-490e988fd48b,#2F4C27,330,
Regarder des vidéos,f17872cf-6de3-4ce0-9197-bc768c711d1d,"Regarder des vidéos sur Internet offre une variété de contenus, mais cela peut aussi présenter des risques pour les personnes ne sachant pas utiliser Internet. Les plateformes de vidéos peuvent contenir des publicités trompeuses, des commentaires inappropriés et des contenus offensants. Il est important de vérifier la source et le contenu de la vidéo avant de la regarder, et éviter la surconsommation.",youtube;vidéaste;se-divertir,TV et console vidéo,674677cc-7ddd-492e-96fd-47d95acf4219,,,Salon,98dd6d2c-8ede-45c4-a0ea-490e988fd48b,#2F4C27,330,
Déménager et changer de lieu de vie,54679fc4-6380-4cf0-b500-892c0db69b8d,"Les bons usages pour déménager et changer de lieu de vie incluent la planification en amont, la recherche d'informations sur le nouveau lieu de vie, ainsi que la mise en place d'une entraide et d'un soutien mutuel avec ses voisins et sa communauté locale pour faciliter la transition.
",déménager;changer-de-vie;cartons,Carton déménagement,c9ea4812-69b5-4e18-9b98-a8eadef1419a,,,Garage,be3c0c63-5d14-45b9-be84-0bd4306ca7e0,#146C71,400,
"Pratiquer des activités artistiques, artisanales et créatives.",114842b9-591c-445c-a887-4c896c335172,"Les activités artistiques, artisanales et créatives stimulent l'imagination, réduisent le stress et favorisent la confiance en soi. Elles permettent également de développer la sociabilité en partageant ses créations avec les autres. Il est important d'accompagner les personnes en situation de fracture numérique pour qu'elles puissent avoir accès à ces activités.
",diy;culture;créativité,Chevalet,ba7d3fbb-66ca-40ea-ae42-a07d7e91aca0,,,Garage,be3c0c63-5d14-45b9-be84-0bd4306ca7e0,#146C71,400,
"Bricoler, fabriquer soi-même et apprendre à utiliser les outils",9029c5f3-0f25-46bf-bc09-ec1416871e4a,"Bricoler et fabriquer soi-même permet de développer ses compétences manuelles et sa créativité, tout en offrant la satisfaction de voir ses projets se concrétiser. Apprendre à utiliser les outils est essentiel pour travailler en sécurité et obtenir de meilleurs résultats.",doityourself;auto-construction;bricolage,Etablis à outils,14089ede-da47-4eac-8764-b643a3df20b9,,,Garage,be3c0c63-5d14-45b9-be84-0bd4306ca7e0,#146C71,400,
Réparer ces objets plutôt que jeter,22c62f4a-d60a-4eb6-b2ce-cf8c37effb17,Privilégier la réparation plutôt que le remplacement permet d'économiser de l'argent et de réduire son empreinte environnementale. Cela favorise également l'entraide entre les personnes en apprenant à réparer et en proposant son aide aux autres.,économie;repair-café;seconde-vie;écologie,Etablis à outils,14089ede-da47-4eac-8764-b643a3df20b9,,,Garage,be3c0c63-5d14-45b9-be84-0bd4306ca7e0,#146C71,400,
Stocker et archiver ses affaires et ses données,f411d459-b6e7-4e06-9c1d-692cab4f46bc,"Pour stocker et archiver ses affaires et ses données de manière efficace et sécurisée, il est important de trier régulièrement et de les organiser dans des espaces de stockage adaptés. Utiliser des solutions numériques comme les services de stockage en ligne peut également être pratique et sûr.",data;archive;historique,Etagère stockage,c4ee5121-4b09-4dd1-b707-26ac6626251a,,,Garage,be3c0c63-5d14-45b9-be84-0bd4306ca7e0,#146C71,400,
"Troquer, vendre et partager des outils",82b70725-da45-43cb-bb96-b70bbc4aa6d1,"Partager ses outils avec ses voisins, troquer ou vendre ses affaires en ligne permet de réduire son empreinte écologique tout en favorisant une économie locale et solidaire. Il est important de sensibiliser les personnes en situation de fracture numérique aux possibilités offertes par ces plateformes collaboratives et de les accompagner pour qu'elles puissent y avoir accès.",revente;échanges;bonplan,Etagère stockage,c4ee5121-4b09-4dd1-b707-26ac6626251a,,,Garage,be3c0c63-5d14-45b9-be84-0bd4306ca7e0,#146C71,400,
Faire de la musique et apprendre un instrument de musique,34beae75-e784-479e-a2ee-281decdd8961,"Jouer de la musique et apprendre un instrument stimule la créativité, réduit le stress et peut renforcer la confiance en soi. Il est important de sensibiliser les personnes en situation de fracture numérique à ces avantages et de les aider à accéder à des ressources musicales",musique;expression,Guitare et ampli,6dc0ef13-6b2d-4150-8107-a037165ec79f,,,Garage,be3c0c63-5d14-45b9-be84-0bd4306ca7e0,#146C71,400,
Choisir et entretenir son moyen de transports,01a3e67f-f665-4fa4-868c-8bc00b664c0c,Choisir et entretenir son moyen de transport permet de réduire son impact environnemental et d'économiser de l'argent. Il est important de se renseigner sur les différentes options et de les entretenir régulièrement pour optimiser leur durée de vie.,train;transport;bus;co-voiturage,Vélo,623b4cd1-2735-4ce0-993a-51d26ed1da99,,,Garage,be3c0c63-5d14-45b9-be84-0bd4306ca7e0,#146C71,400,
Choisir et entretenir son moyen de transports,01a3e67f-f665-4fa4-868c-8bc00b664c0c,Choisir et entretenir son moyen de transport permet de réduire son impact environnemental et d'économiser de l'argent. Il est important de se renseigner sur les différentes options et de les entretenir régulièrement pour optimiser leur durée de vie.,train;transport;bus;co-voiturage,Voiture,72583f29-0420-4284-ab72-f2e2a3359097,,,Garage,be3c0c63-5d14-45b9-be84-0bd4306ca7e0,#146C71,400,
Planifier mes déplacements,d60d5968-90f2-4c40-892e-6ba495a133f4,"Planifier ses déplacements en utilisant les outils numériques tels que les applications de cartographie et les horaires de transport en commun peut aider à optimiser son temps et à réduire les coûts de transport. Cependant, il est important de se familiariser avec ces outils pour en tirer le meilleur parti et de se rappeler de vérifier les mises à jour en temps réel pour éviter les imprévus.
",mobilité;organisation,Vélo,623b4cd1-2735-4ce0-993a-51d26ed1da99,,,Garage,be3c0c63-5d14-45b9-be84-0bd4306ca7e0,#146C71,400,
