USAGE,IDENTIFIANT USAGE,DESCRIPTION,TAGS USAGE,OBJET,IDENTIFIANT OBJET,PIECE,IDENTIFIANT PIECE,TERRITOIRE,TITRE SERVICE,IDENTIFIANT SERVICE,DESC. SERVICE,URL SERVICE,CONTACT SERVICE
Se proteger des risques d'addiction et des drogues,635c6da3-ccf2-4b95-9a09-28e6426bdbfa,"Pour se protéger des risques d'addiction et des drogues, il est important de se renseigner sur les effets de ces substances et les risques associés, de connaître ses limites et de savoir dire non. Les outils numériques peuvent être utiles pour trouver des informations fiables et des services d'aide, mais il est également essentiel de s'appuyer sur un réseau de soutien physique et émotionnel pour se remettre d'une addiction et accéder à différentes ressources disponibles pour aider à prévenir et traiter l'addiction. L'addiction est une maladie et qu'elle ne doit pas être stigmatisée ou jugée.
",,Trousse à pharmacie,9a06be59-b668-4673-801b-774e9405e4a7,Salle de bain,7190a5b0-92e3-42cb-884e-73b5caa2d5b0,National,AddictAIDE,00c5056c-0e93-462b-ad44-c3a95c44344b,Au travers de questionnaires; analysez votre consommation et trouver le bon accompagnemnet pour votre situation,https://www.addictaide.fr/les-parcours-d-evaluation/,
Fabriquer soi-même ses cosmétiques,4c49745a-99d6-4f10-8ba3-c3f1c296a57e,Se lancer dans la fabrication de ses propres cosmétiques permet de contrôler les ingrédients utilisés et de réduire l'impact sur l'environnement. Il est important de s'informer sur les bonnes pratiques et de suivre les recettes avec attention pour garantir leur efficacité et leur sécurité. Les ressources en ligne peuvent aider à trouver des idées et des conseils pour réussir ses cosmétiques maison.,,Trousse à pharmacie,9a06be59-b668-4673-801b-774e9405e4a7,Salle de bain,7190a5b0-92e3-42cb-884e-73b5caa2d5b0,National,Atelier green,01f52c3a-a605-45c0-b940-08f0d7e4e6be,Retrouvez des indications pour débuter du bon pied dans la fabrication de vos cosmétiques,https://latelier-green.com/fabriquer-ses-cosmetiques-maison/,
Rester en bonne santé avec le bon équilibre alimentaire,0d507ed2-9a6e-4845-92b0-79af4ef0f298,"Il est essentiel de maintenir une alimentation équilibrée pour rester en bonne santé. Cela implique de consommer des aliments variés en quantités adaptées, tout en évitant les aliments trop gras, sucrés ou salés. ",,Four et gazinière,98de0ca0-cd0e-4f62-a839-b7568bc62826,Cuisine,587e65f0-971e-48a0-bb63-9146f2c2c127,National,Medoucine,05eade48-a671-4eaa-8dfb-94315fe1aeaf,Plateforme de referencement et de rendez vous de practicien de médecine douce en France,https://www.medoucine.com/,
"Communiquer et garder contact avec les réseaux (Facebook, email, blogging)",a71169bc-4d7e-4fba-90e6-79933d7ce500,Communiquer par le biais des réseaux sociaux permet de garder contact avec ses amis ou sa famille et d'avoir connaissance des actualités. Vous pouvez également trouver des ressources pour vous accompagner dans vos pratiques numériques et vos démarches. ,,Bureau ordinateur,4aed0ec1-bcfb-4199-8dbe-0944ef56b568,Bureau,10e285bc-e7d2-4464-abde-bdc2b7c4204e,National,ik.me,0d197cd0-1876-48b6-9096-6feea9d0e25f,"Développée et hébergée à 100% en Suisse, votre adresse mail gratuite est l'assurance d'une messagerie sans publicité qui respecte votre sphère privée",https://www.infomaniak.com/fr/email-gratuit,
Cuisiner pour se faire du bien et prendre du plaisir en mangeant,fb24c122-fdf7-47d1-bd54-d33c57ab151c,"Cuisiner pour se faire du bien et prendre du plaisir en mangeant peut améliorer notre santé physique et mentale. Cependant, cela peut être difficile pour les personnes qui ne savent pas cuisiner ou qui n'ont pas accès à des aliments sains. Il peut également être difficile de trouver des recettes adaptées à ses besoins ou à ses restrictions alimentaires. Différents sites internet peuvent aider à cuisiner en offrant des recettes et trouver des astuces, faciliter l'achat de produits des saisons, locaux et de qualités, ainsi que de se faire livrer à domicile. ",,Four et gazinière,98de0ca0-cd0e-4f62-a839-b7568bc62826,Cuisine,587e65f0-971e-48a0-bb63-9146f2c2c127,National,Cuisine Libre,14b6e778-e268-4198-a3df-67c293c04a85,Site libre qui répertorie différente recette,https://www.cuisine-libre.org/,
"Gérer son argent (compte en ligne, impôts)",503c427f-0b9a-4a7e-94c3-6daf2caa41e0,"Gérer son argent se fait maintenant en ligne, ainsi que les déclarations d'impôts. Nous pouvons parfois avoir des difficultés à choisir telle ou telle banque, ou faire ses déclarations d'impôts,  c'est pourquoi être accompagné dans ce type de démarches peut s'avérer être une aide précieuse, pour ceux.elle.s qui n'ont pas l'habitude ou qui ne sont pas à l'aise avec les services numériques. ",,Etagère à dossier,4ac3580b-5470-46d8-8d90-5530b1a9e095,Bureau,10e285bc-e7d2-4464-abde-bdc2b7c4204e,National,Tarifs bancaires,18dce5bc-9dd8-4b92-b599-116bcd13ddc7,Le gouvernement liste tous les tarifs bancaires en France pour plus de transparence et de choix.,https://www.tarifs-bancaires.gouv.fr,
Communiquer par email,4eca0367-0e61-4191-a501-c65230ed5e05,"L'email permet des échanges rapides et peu coûteux tout en conservant une trace écrite et la possibilité de transmettre des pièces jointes. Cependant, la sécurité et la confidentialité sont à prendre en compte, surtout pour les personnes en situation de fracture numérique. La sensibilisation aux bonnes pratiques et la réduction de la fracture numérique sont essentielles pour garantir un accès équitable aux services publics.",,Boite aux lettres,074405cd-6989-4261-93fc-1db9224393c7,Garage,be3c0c63-5d14-45b9-be84-0bd4306ca7e0,National,Thunderbird,19409609-4d48-4b3c-b8eb-e36b1fc4e185,"Thunderbird est une application libre et simple de gestion de messagerie, elle permet de configurer plusieurs adresse de messagerrie sur une plateforme simplifiée.  ",https://www.thunderbird.net/fr/,
"Avoir un bon usage de l’eau, faire attention à la pollution de l’eau",bac7a622-00b8-4ca4-aa88-e8819b7dbc69,"L'accès à l'eau est un droit, mais avec le réchauffement climatique la ressource en eau va diminuer et son accès sera de plus en plus contraint. Pour cela, il est nécessaire de faire attention à notre consommation d'eau. Pour réduire notre consommation nous pouvons adopter la pratique de récupération d'eau de pluie. ",,Chauffe eau,7852c0b7-c9ac-4834-a556-ad2e3b0bc996,Salle de bain,7190a5b0-92e3-42cb-884e-73b5caa2d5b0,National,data.eaufrance,1a18c479-4947-4acb-b63d-8860214d0d19,"Ce site offre un accès libre aux données sur l'eau, les milieux aquatiques et leurs usages",https://data.eaufrance.fr/,
Stocker et archiver ses affaires et ses données,f411d459-b6e7-4e06-9c1d-692cab4f46bc,"Pour stocker et archiver ses affaires et ses données de manière efficace et sécurisée, il est important de trier régulièrement et de les organiser dans des espaces de stockage adaptés. Utiliser des solutions numériques comme les services de stockage en ligne peut également être pratique et sûr.",,Etagère stockage,c4ee5121-4b09-4dd1-b707-26ac6626251a,Garage,be3c0c63-5d14-45b9-be84-0bd4306ca7e0,National,Cybermalveillance.gouv,2482681b-eb52-4e96-9dc3-6dfe9bf36913,Vidéo tutoriel sur la sauvegarde des données,https://youtu.be/kOAdEKU86nI,
Connecter à son voisinage,9bfcf82f-0154-4282-a140-486c072200a1,"Créer des liens de confiance et de soutien mutuel avec les personnes du voisinage favorise un sentiment d'appartenance à une communauté solidaire et bienveillante, renforçant ainsi le sentiment de sécurité. Cela peut être réalisé par la participation à des événements communautaires, des conversations informelles et l'offre d'aide aux autres.",,Portail,76ca8438-7dc0-463d-b48c-62fe1d1d0512,Jardin,c36a8e9f-5aff-4c17-9fc0-f174abca030e,National,Meetup,24cf20a2-5d5d-45e0-a342-fa821c6b2d54,Réseau social qui permet d'organiser ou participer à des évènements en groupe près de chez soi,https://www.meetup.com/fr,
Stocker et archiver ses affaires et ses données,f411d459-b6e7-4e06-9c1d-692cab4f46bc,"Pour stocker et archiver ses affaires et ses données de manière efficace et sécurisée, il est important de trier régulièrement et de les organiser dans des espaces de stockage adaptés. Utiliser des solutions numériques comme les services de stockage en ligne peut également être pratique et sûr.",,Etagère stockage,c4ee5121-4b09-4dd1-b707-26ac6626251a,Garage,be3c0c63-5d14-45b9-be84-0bd4306ca7e0,National,Ministère de l'intérieur ,29b6a896-7455-4e4f-99d4-773f6bea026d,,https://www.interieur.gouv.fr/actualites/actu-du-ministere/sauvegarde-des-donnees-informatiques-nos-conseils-pour-en-avoir,
Choisir et entretenir son moyen de transports,01a3e67f-f665-4fa4-868c-8bc00b664c0c,Choisir et entretenir son moyen de transport permet de réduire son impact environnemental et d'économiser de l'argent. Il est important de se renseigner sur les différentes options et de les entretenir régulièrement pour optimiser leur durée de vie.,,Vélo,623b4cd1-2735-4ce0-993a-51d26ed1da99,Garage,be3c0c63-5d14-45b9-be84-0bd4306ca7e0,National,Sécurité routière,2e0314fb-9aba-449f-b497-1e3e00adde59,"Comment, quand et où faire entretenir votre voiture ? Les réponses figurent sur ce site de la sécurité routière",https://www.securite-routiere.gouv.fr/chacun-son-mode-de-deplacement/dangers-de-la-route-en-voiture/entretien-de-la-voiture/conseils-pour,
Rencontrer de nouvelles personnes et accueillir des amis,27bc93c9-2a43-40d9-a725-e6b003f73774,"Internet permet de rencontrer de nouvelles personnes grâce à des plateformes dédiées, telles que les réseaux sociaux, les sites de rencontres, les forums, les communautés en ligne, etc. Cependant, il est important de prendre des précautions pour assurer sa sécurité en ligne, en évitant de partager des informations personnelles, en vérifiant l'authenticité des personnes et des profils, en étant vigilant quant aux arnaques et aux fraudes, etc. ",,Canapé,1fdde539-1bb3-48b2-8d8e-80e5069aeba5,Salon,98dd6d2c-8ede-45c4-a0ea-490e988fd48b,National,Accueil des Villes Françaises,2ec87af5-5922-43ae-8875-b026987832e5,L'AVF c'est un réseau de 5000 bénévoles pour accueillir en priorité les Nouveaux Arrivants dans les villes et les personnes en recherche de lien social pour favoriser la création et le développement d’un réseau relationnel.,https://avf.asso.fr/decouvrir-les-avf/,
"Troquer, vendre et partager des outils",82b70725-da45-43cb-bb96-b70bbc4aa6d1,"Partager ses outils avec ses voisins, troquer ou vendre ses affaires en ligne permet de réduire son empreinte écologique tout en favorisant une économie locale et solidaire. Il est important de sensibiliser les personnes en situation de fracture numérique aux possibilités offertes par ces plateformes collaboratives et de les accompagner pour qu'elles puissent y avoir accès.",,Etagère stockage,c4ee5121-4b09-4dd1-b707-26ac6626251a,Garage,be3c0c63-5d14-45b9-be84-0bd4306ca7e0,National,SMILE,35155edd-1ce7-4bc7-a7a2-bc04e3530a34,Plateforme de partage de bien et de service entre voisin,https://fr.smiile.com/,
Apprendre avec des tutoriels,620eeece-054e-45f5-94fa-7df78557af07,"Apprendre avec des tutoriels en ligne offre de nombreux avantages. Tout d'abord, cela permet d'apprendre à son propre rythme et selon ses propres besoins, en choisissant les sujets et les compétences à développer. Ensuite, cela permet d'accéder à une grande variété de contenus de formation à des prix différents.  il est important de se rappeler que l'apprentissage ne se limite pas aux tutoriels en ligne et que la pratique et la mise en application des compétences apprises sont essentielles.",,Bibliothèque,eb7299ee-aafd-41be-b33e-915fa71825be,Salon,98dd6d2c-8ede-45c4-a0ea-490e988fd48b,National,Tuto . Com,3ad451be-6820-402d-84b3-b6fb2a576977,"Espace de formation gratuite (et payante) pour développer ses coméptences numériqus (photos, vidéos, code...)",https://fr.tuto.com/,
Profitez de l’offre culturelle locale,8de63c00-4be8-4829-a435-2dda61031669,"Profiter de l’offre culturelle locale est important pour découvrir et s’immerger dans son territoire. Cela peut inclure la visite de musées, de galeries d'art, de théâtres et d'autres lieux de divertissement culturel. De plus, la participation à des événements culturels locaux, tels que des festivals et des concerts, peut aider à renforcer les liens sociaux, la convivialité et la rencontre d’autrui. ",,Bibliothèque,eb7299ee-aafd-41be-b33e-915fa71825be,Salon,98dd6d2c-8ede-45c4-a0ea-490e988fd48b,National,Agenda Culturel national,3cb8f66e-b6f8-49c4-ac90-598c27c58b34,Vous cherchez une idée de sortie culturelle ? Retrouvez sur Agenda Culturel les manifestations culturelles pour sortir près de chez vous.,https://www.agendaculturel.fr,
"Organiser, classer, archiver ces données (Drive / Calendrier / todo list / etc.)",c806b8db-84b3-44aa-ba62-eca330728d64,"Reunir toutes ses données, les organiser, les classer, les archiver c'est possible grâce à des services numériques sécurisés, qui vous permettent de ne pas éparpiller vos données personnelles et de vous perdre. Avec le nombre d'informations que nous avons aujourd'hui à stocker, il est nécéssaire d'avoir des services où nous pouvons tout regrouper de façon fiable.",,Etagère à dossier,4ac3580b-5470-46d8-8d90-5530b1a9e095,Bureau,10e285bc-e7d2-4464-abde-bdc2b7c4204e,National,Cozy Cloud,410043fe-b7ef-41bf-9991-a570cddb3d10,"Factures, mots de passe, photos ou informations personnelles, réunissez vos données dans le domicile numérique Cozy. Un service français.",https://cozy.io/fr/,
Cuisiner pour se faire du bien et prendre du plaisir en mangeant,fb24c122-fdf7-47d1-bd54-d33c57ab151c,"Cuisiner pour se faire du bien et prendre du plaisir en mangeant peut améliorer notre santé physique et mentale. Cependant, cela peut être difficile pour les personnes qui ne savent pas cuisiner ou qui n'ont pas accès à des aliments sains. Il peut également être difficile de trouver des recettes adaptées à ses besoins ou à ses restrictions alimentaires. Différents sites internet peuvent aider à cuisiner en offrant des recettes et trouver des astuces, faciliter l'achat de produits des saisons, locaux et de qualités, ainsi que de se faire livrer à domicile. ",,Four et gazinière,98de0ca0-cd0e-4f62-a839-b7568bc62826,Cuisine,587e65f0-971e-48a0-bb63-9146f2c2c127,National,La cuisine de Bernard,422a1dcc-e2f6-4f8d-a724-f2f667acbde6,"Des recettes de la plus simple à la plus complexe, détaillées étape par étape avec des photos et des vidéos de qualité.",https://lacuisinedebernard.com,
Gérer son temps d’écran,8f68b155-50b8-4bb8-a2f5-5be32a35a09d,"Les écrans prennent de plus en plus de place dans nos vies. Il est nécessaire de prendre conscience de son temps d'écran et de fixer des limites pour éviter les risques de dépendance, de dégradation du sommeil, etc. Pour cela, l'on peut privilégier les activités hors écran pour varier les plaisirs et limiter les effets néfastes sur la santé. Il est également possible de se faire aider par des applications qui permettent de suivre son temps d'écran et de se fixer des objectifs adaptés à ses pratiques.",,Table de chevet,31262ece-a362-4847-be80-9373c7be63d9,Chambre,6ac60b3d-66c2-4c41-ae31-43e87e776b4d,National,Centre pour l'éducation aux médias et à l'information,44311c87-4bb8-48b6-9eec-3b4d00c3f29c,Un site d'information destiné à éclairer les parents sur la gestion du temps d'écran de leur enfat en fonction de son âge,https://www.clemi.fr/fr/guide-famille-v2/maitriser-le-temps-dedie-aux-ecrans-en-famille/gerer-le-temps-decran-des-enfants.html,
Se proteger des risques d'addiction et des drogues,635c6da3-ccf2-4b95-9a09-28e6426bdbfa,"Pour se protéger des risques d'addiction et des drogues, il est important de se renseigner sur les effets de ces substances et les risques associés, de connaître ses limites et de savoir dire non. Les outils numériques peuvent être utiles pour trouver des informations fiables et des services d'aide, mais il est également essentiel de s'appuyer sur un réseau de soutien physique et émotionnel pour se remettre d'une addiction et accéder à différentes ressources disponibles pour aider à prévenir et traiter l'addiction. L'addiction est une maladie et qu'elle ne doit pas être stigmatisée ou jugée.
",,Trousse à pharmacie,9a06be59-b668-4673-801b-774e9405e4a7,Salle de bain,7190a5b0-92e3-42cb-884e-73b5caa2d5b0,National,AddictAIDE,45916a11-b67a-4859-a9d9-46d4f34112a0,AddictAIDE  permet aux personnes dépendantes et à leurs proches de trouver des outils et des ressources pour ne plus être seul(e) face à l’addiction,https://www.addictaide.fr/,
Faire des démarches administratives et accéder à ses droits,863a9653-4bd2-4242-8daa-bd6b214318d2,"De nos jours les démarches administratives sont quasiment toutes démarterialisées, avoir un contact avec une vraie personne s'avère compliqué, c'est pourquoi s'informer sur ses droits sociaux est indispensable. Il est possible de faire des simulations en ligne pour savoir à quelles aides nous sommes eligibles. Selon votre situation, différentes informations, structures sont partagées pour réaliser des démarches adaptées à vos besoins.",,Etagère à dossier,4ac3580b-5470-46d8-8d90-5530b1a9e095,Bureau,10e285bc-e7d2-4464-abde-bdc2b7c4204e,National,refugié.info ,46857e6f-02f7-4f13-a221-ad3deb0e510f,"Service numérisé de l'Etat pour diffuser les informations relatives aux primo-arrivants ou acteurs de la solidarité (dans plusiseurs langues), sur l'ensemble des thématiques de la vie pratique (accès aux droits, logement, formation, culture..)",https://refugies.info/fr,
Gérer son image et prendre conscience de soi,6fce679f-64a1-4f7e-b147-34e725246bd4,"Pour gérer son image et prendre conscience de soi, il est important de contrôler ses traces numériques, de ne pas surexposer sa vie privée en ligne et de respecter les autres sur les réseaux sociaux. Il est également essentiel de s'informer et de se former aux enjeux de la sécurité numérique pour protéger sa vie privée et son identité en ligne. Enfin, il est recommandé de prendre régulièrement du recul sur sa propre image en ligne pour éviter toute forme de surconsommation et de dépendance aux réseaux sociaux.
",,Miroir et lavabo,f5849ae9-e6c3-462a-9dee-667517b5584a,Salle de bain,7190a5b0-92e3-42cb-884e-73b5caa2d5b0,National,Cybermalveillance.gouv,4719c681-e98b-4749-9d31-6ab16462e472,"Cybermalveillance.gouv vous donne les bons réflexes à avoir pour sécuriser son usage des réseaux sociaux, sur le plan de la sécurisation des comptes comme sur son comportement avec les autres utilisateurs",https://www.cybermalveillance.gouv.fr/tous-nos-contenus/bonnes-pratiques/reseaux-sociaux,
Se connecter à la nature,9dd606a9-40ce-4505-861e-6feb5d9833e7,"Prendre le temps de s'immerger dans la nature permet de développer un sentiment de respect et de responsabilité envers notre planète, ainsi qu'une prise de conscience de notre interdépendance avec les écosystèmes qui nous soutiennent. Cela est bénéfique pour l'équilibre mental et émotionnel et permet de s'inspirer à travers la beauté et la sagesse de la nature.",,Jardinière,1e9e42c9-b5ba-4195-8ec5-5989175e7f1b,Jardin,c36a8e9f-5aff-4c17-9fc0-f174abca030e,National,PlantNet,50db5be6-5a66-4d31-9817-5dca88b7c9af,"Avec l'application Pl@ntNet, identifiez une plante à partir d'une photo, et rejoignez un projet de sciences participatives sur la biodiversité végétale.
",https://plantnet.org/,
Prendre soin des animaux,7ded88dd-f4ac-429c-9cbd-e8c23abab1e7,"Prendre soin des animaux implique de les traiter avec compassion, de les écouter et de répondre à leurs besoins émotionnels. Savoir s'occuper de leur bien-être physique et psychologique en leur offrant une nourriture appropriée, un abri confortable et sécurisé, ainsi qu'une attention régulière.",,La niche,3aa27006-828c-49fa-88af-0e89516ecb08,Jardin,c36a8e9f-5aff-4c17-9fc0-f174abca030e,National,Wamiz,55ce14e5-66d8-4b5e-9a4e-333b7a00323a,"site dédiée aux animaux de compagnie, avec une base de données dédiées à la vie des animaux de compagnie et un forum ",https://wamiz.com/,
Traduire un document ou apprendre une langue,6bb0c378-2565-4cfa-b60e-11f8da651cf1,"Traduire un document peut s'avérer être un travail long et intense, mais grâce à Internet il y a des façons plus rapides et performantes de le faire. On peut aussi apprendre des langues en s'amusant, en écoutant des podascts, en regardant des tutoriels, en testant ses connaissances grâce a des quizz en ligne ! A chacun.e son apprentissage. ",,Dictionnaire,10dd9ae9-97e8-4654-b8ad-499a2c9f81ba,Bureau,10e285bc-e7d2-4464-abde-bdc2b7c4204e,National,Deepl,597e0683-15f0-4c12-9004-bdb2a1ee703d,"Plus performant et plus pertinent que tous les autres outils de traduction en ligne, Deepl est la référence sur Internet !",https://www.deepl.com/translator,
Gérer son temps d’écran,8f68b155-50b8-4bb8-a2f5-5be32a35a09d,"Les écrans prennent de plus en plus de place dans nos vies. Il est nécessaire de prendre conscience de son temps d'écran et de fixer des limites pour éviter les risques de dépendance, de dégradation du sommeil, etc. Pour cela, l'on peut privilégier les activités hors écran pour varier les plaisirs et limiter les effets néfastes sur la santé. Il est également possible de se faire aider par des applications qui permettent de suivre son temps d'écran et de se fixer des objectifs adaptés à ses pratiques.",,Table de chevet,31262ece-a362-4847-be80-9373c7be63d9,Chambre,6ac60b3d-66c2-4c41-ae31-43e87e776b4d,National,Manger bouger,5b07bf5b-f621-4944-8179-f0c793c20e27,Evaluer et gérer son temps d'éran,https://www.mangerbouger.fr/bouger-plus/a-tout-age-et-a-chaque-etape-de-la-vie/les-recommandations-et-conseils-pour-les-enfants-et-adolescents/comment-reduire-le-temps-d-ecran-des-ados-et-de-toute-la-famille,
Bien vieillir,cb3c345d-98ef-47d2-9977-54e9b02d9af2,"Pour bien vieillir, il est important de maintenir une vie active et sociale, de veiller à une alimentation équilibrée et adaptée à ses besoins, et de faire régulièrement de l'exercice physique. Il est également essentiel de préserver sa santé mentale en pratiquant des activités qui favorisent le bien-être et en restant connecté avec ses proches et la communauté.",,Miroir et lavabo,f5849ae9-e6c3-462a-9dee-667517b5584a,Salle de bain,7190a5b0-92e3-42cb-884e-73b5caa2d5b0,National,Santé publique France,5be6ab1f-c29e-412e-8f80-904a1862e131,"Santé publique France regroupe des informations et ressources sur la santé physique et mentale, la nutrition et la maladie",https://www.santepubliquefrance.fr/la-sante-a-tout-age/la-sante-a-tout-age/bien-vieillir,
Lire et pratiquer la lecture,f01c1c40-05f3-4242-922d-747721a37d6f,"Avec l'avènement du numérique, la lecture sur internet est devenue un moyen courant de se divertir et d'acquérir des connaissances.  Il est également important de s'assurer que les informations lues sont de sources crédibles et vérifiées. La lecture en ligne peut parfois conduire à une surcharge d'informations, il est donc crucial d'apprendre à filtrer et à trier les données pour éviter l'overdose d'informations.",,Bibliothèque,eb7299ee-aafd-41be-b33e-915fa71825be,Salon,98dd6d2c-8ede-45c4-a0ea-490e988fd48b,National,Ebooks Gratuits,61e3d50f-1cfe-4e71-b304-e762f3858300,Site francophone proposant des milliers de livres au format Ebook totalement libres de droit. Créations originales et classiques de la littérature française.,https://www.ebooksgratuits.com,
Organiser son travail et gérer son entreprise,50a0537d-1ba0-4821-8f26-f3f231e194d8,"A l'heure où le télétravail est de plus en plus commun dans nos vies professionnelles, il est important d'avoir des outils numériques pratiques pour pouvoir faire des videoconférences et intéragir avec son équipe mais aussi organiser ses tâches, son calendrier et ses documents",,Bureau ordinateur,4aed0ec1-bcfb-4199-8dbe-0944ef56b568,Bureau,10e285bc-e7d2-4464-abde-bdc2b7c4204e,National,Notion,6be24c65-f3b6-4fd3-a288-1d3be8533c19,"Notion est une application de prise de notes, de bases de données, des tableaux Kanban, de wikis, de calendriers et de rappels.",https://www.notion.so/,
Déménager et changer de lieu de vie,54679fc4-6380-4cf0-b500-892c0db69b8d,"Les bons usages pour déménager et changer de lieu de vie incluent la planification en amont, la recherche d'informations sur le nouveau lieu de vie, ainsi que la mise en place d'une entraide et d'un soutien mutuel avec ses voisins et sa communauté locale pour faciliter la transition.
",,Carton déménagement,c9ea4812-69b5-4e18-9b98-a8eadef1419a,Garage,be3c0c63-5d14-45b9-be84-0bd4306ca7e0,National,Service-public,71aa98c1-1b30-44f2-94b5-947392d215a4,Service public propose un récapitulatif de toutes les démarches à effectuer lorsque vous déménagez,https://www.service-public.fr/particuliers/vosdroits/F14128,
Choisir et entretenir son moyen de transports,01a3e67f-f665-4fa4-868c-8bc00b664c0c,Choisir et entretenir son moyen de transport permet de réduire son impact environnemental et d'économiser de l'argent. Il est important de se renseigner sur les différentes options et de les entretenir régulièrement pour optimiser leur durée de vie.,,Vélo,623b4cd1-2735-4ce0-993a-51d26ed1da99,Garage,be3c0c63-5d14-45b9-be84-0bd4306ca7e0,National,"Annuaire des garages solidaires 
Pôle emploi",76a7af2b-86d0-4b2b-8780-515a71c2eb4a,Trouvez un garage aux tarifs adaptés à votre situation en proximité de chez vous,https://mes-aides.pole-emploi.fr/transport-et-mobilite/garages-solidaires,
Gérer sa consommation d’énergie,0900ef5d-3b4c-4366-b103-bd213592ce4f,"Gérer sa consommation d'énergie est devenu un enjeu majeur pour réduire les coûts et l'impact sur l'environnement. Avec internet, il est possible de surveiller sa consommation et de la réduire en prenant des mesures simples.Il est aussi possible de choisir des équipements électroménagers économes en énergie. Internet offre également des options pour comparer les fournisseurs d'énergie et trouver les offres les plus avantageuses.",,Radiateur,5fdccae2-af8c-499b-bd31-36c65f0c1989,Salon,98dd6d2c-8ede-45c4-a0ea-490e988fd48b,National,20 solutions pour réduire sa consommation électrique,771a3976-8f75-479a-b0ca-d39f077baf6f,"Chaque foyer français possède en moyenne une centaine d’appareils électriques et électroniques. Gaspillages, suréquipement, manque d’entretien… alourdissent la facture. Quelques gestes peuvent faire la différence.",https://agirpourlatransition.ademe.fr/particuliers/maison/economies-denergie/20-solutions-reduire-consommation-delectricite,
Faire des démarches administratives et accéder à ses droits,863a9653-4bd2-4242-8daa-bd6b214318d2,"De nos jours les démarches administratives sont quasiment toutes démarterialisées, avoir un contact avec une vraie personne s'avère compliqué, c'est pourquoi s'informer sur ses droits sociaux est indispensable. Il est possible de faire des simulations en ligne pour savoir à quelles aides nous sommes eligibles. Selon votre situation, différentes informations, structures sont partagées pour réaliser des démarches adaptées à vos besoins.",,Etagère à dossier,4ac3580b-5470-46d8-8d90-5530b1a9e095,Bureau,10e285bc-e7d2-4464-abde-bdc2b7c4204e,National,Soliguide,789a062f-260c-4499-8cba-4b5f12732ad2,"Soliguide rassemble tous les services, initiatives et ressources pour les personnes qui rencontrent une difficulté",https://soliguide.fr/fr,
"Trouver un travail (rechercher un job, faire un CV et utiliser LinkedIn)",7e4e2bb6-813c-449e-bd60-26a85ec93362,"Trouver du travail peut se faire en se déplacant, en toquant aux portes, mais c'est aussi possible de chercher depuis chez vous en passant par des réseaux professionnels, ou des sites de recrutement.  Pour cela, il est important d'avoir un CV qui mettra en valeur vos compétences par une mise en page claire, grâce à des sites de design facile d'utilisation et accessible gratuitement à tous.te.s. ",,Imprimante,cf3acdd3-19eb-490b-b825-465b13c937f2,Bureau,10e285bc-e7d2-4464-abde-bdc2b7c4204e,National,CANVA,78e8c582-402b-4c08-8ec2-b5aadb7b5fbf,Mettez en valeur votre CV dans un page professionnelle,https://www.canva.com/fr_fr/creer/cv/,
Jouer en ligne (jeu vidéo),fcde7e1b-43fb-47a5-8a9d-e7826e6c5a20,"Jouer et se divertir sur internet offre de nombreuses opportunités, notamment pour se distraire en famille. Cependant, cela peut également entraîner une dépendance et des risques de sécurité, tels que les jeux d'argent et les achats en ligne compulsifs.
",,TV et console vidéo,674677cc-7ddd-492e-96fd-47d95acf4219,Salon,98dd6d2c-8ede-45c4-a0ea-490e988fd48b,National,Retrogames,78f7d2c4-9081-43a0-ad75-de6454dd3374,"Des milliers de jeux de consoles (NES, MegaDrive, Atari, etc.). Tout se joue directement depuis le navigateur. Vous choisissez votre jeu, vous le lancez et voilà ! ",https://www.retrogames.cc,
Gérer son image et prendre conscience de soi,6fce679f-64a1-4f7e-b147-34e725246bd4,"Pour gérer son image et prendre conscience de soi, il est important de contrôler ses traces numériques, de ne pas surexposer sa vie privée en ligne et de respecter les autres sur les réseaux sociaux. Il est également essentiel de s'informer et de se former aux enjeux de la sécurité numérique pour protéger sa vie privée et son identité en ligne. Enfin, il est recommandé de prendre régulièrement du recul sur sa propre image en ligne pour éviter toute forme de surconsommation et de dépendance aux réseaux sociaux.
",,Miroir et lavabo,f5849ae9-e6c3-462a-9dee-667517b5584a,Salle de bain,7190a5b0-92e3-42cb-884e-73b5caa2d5b0,National,e-enfance,7c318678-d996-404e-90df-50d6a6c415a3,Se protéger et agir face au harcèlement,https://e-enfance.org/informer/cyber-harcelement/,
Accéder à un professionnel de santé,ef077fdb-9689-448b-96f4-89ec5c0a8194,"Pour accéder à un professionnel de santé de manière efficace, il est important de privilégier les services en ligne officiels et sécurisés, tels que les plateformes de rendez-vous médicaux. Il est également recommandé de se renseigner sur les sites internet et les applications proposant des conseils de santé, en vérifiant leur fiabilité et en évitant les informations alarmistes ou trompeuses. Les règles de confidentialité des données de santés ne sont pas anodine, aussi il est important de pas divulguer d'informations personnelles sensibles en ligne ou à n'importe qui.",,Trousse à pharmacie,9a06be59-b668-4673-801b-774e9405e4a7,Salle de bain,7190a5b0-92e3-42cb-884e-73b5caa2d5b0,National,Doctolib,7d3e5eda-6c30-4bff-9986-6528212b65ae,Prenez rendez-vous en ligne avec le professionnel de snaté de votre choix,https://www.doctolib.fr/,
"Faire ses courses, commander, se faire livrer, acheter en proximité",bd28e8a0-c21b-47de-8de5-ffffd947a347,"Faire ses courses en ligne peut être pratique et éviter les déplacements. Les achats en proximité sont également une option, avec des services de livraison ou de drive.",,Cagibi,89f307e7-e867-41d5-a189-fcc168933681,Cuisine,587e65f0-971e-48a0-bb63-9146f2c2c127,National,Nos meilleures courses,7e58a937-1690-470d-bf9e-af8afdec77d0,"Livraison de produits équitables, bio ou alternatifs au prix des supermarchés",https://www.nosmeilleurescourses.com/fr/,
Faire de la musique et apprendre un instrument de musique,34beae75-e784-479e-a2ee-281decdd8961,"Jouer de la musique et apprendre un instrument stimule la créativité, réduit le stress et peut renforcer la confiance en soi. Il est important de sensibiliser les personnes en situation de fracture numérique à ces avantages et de les aider à accéder à des ressources musicales",,Guitare et ampli,6dc0ef13-6b2d-4150-8107-a037165ec79f,Garage,be3c0c63-5d14-45b9-be84-0bd4306ca7e0,National,Acadezik,7ed115f1-f61f-4e07-9a85-a6f39697d5bd,"Ce site permet à toute personne passionnée de musique d’apprendre gratuitement.
Vous retrouverez sur ce site un large choix de services musicaux : cours d’instruments de musique, cours de solfège, cours de chant, cours de danse, karaokés…",https://www.acadezik.com/,
S’alimenter tout au long de la semaine,d57dd406-5c70-4c8b-a70f-085ec006010d,"Il est important de choisir des aliments variés, de qualités et de vérifier les dates de péremption. Les régimes alimentaires particuliers nécessitent souvent des connaissances spécifiques. ",,Réfrigérateur,11f475c7-286d-4418-bd9b-eedccb3ec186,Cuisine,587e65f0-971e-48a0-bb63-9146f2c2c127,National,Open Food Fact,83bf4fec-73f2-4426-a896-9e8563748e23,"Open Food Facts est un site et une application mobile permettant d'accéder et de contrinuer à une immense base de données de produits alimentaires créée par tous et pour tous.

",https://fr.openfoodfacts.org,
Connecter à son voisinage,9bfcf82f-0154-4282-a140-486c072200a1,"Créer des liens de confiance et de soutien mutuel avec les personnes du voisinage favorise un sentiment d'appartenance à une communauté solidaire et bienveillante, renforçant ainsi le sentiment de sécurité. Cela peut être réalisé par la participation à des événements communautaires, des conversations informelles et l'offre d'aide aux autres.",,Portail,76ca8438-7dc0-463d-b48c-62fe1d1d0512,Jardin,c36a8e9f-5aff-4c17-9fc0-f174abca030e,National,Next door,848f31be-1f06-47fb-8f6a-e9b69111d9ba,Réseau social orienté sur le voisinage,https://fr.nextdoor.com,
Accéder à un professionnel de santé,ef077fdb-9689-448b-96f4-89ec5c0a8194,"Pour accéder à un professionnel de santé de manière efficace, il est important de privilégier les services en ligne officiels et sécurisés, tels que les plateformes de rendez-vous médicaux. Il est également recommandé de se renseigner sur les sites internet et les applications proposant des conseils de santé, en vérifiant leur fiabilité et en évitant les informations alarmistes ou trompeuses. Les règles de confidentialité des données de santés ne sont pas anodine, aussi il est important de pas divulguer d'informations personnelles sensibles en ligne ou à n'importe qui.",,Trousse à pharmacie,9a06be59-b668-4673-801b-774e9405e4a7,Salle de bain,7190a5b0-92e3-42cb-884e-73b5caa2d5b0,National,ameli,8d1e7d28-c285-406a-9406-8411ae095d28,"Retrouver tous les professionels de santé sur l'annuaire d'Ameli, le site de l'assurance maladie",http://annuairesante.ameli.fr/,
Se protéger et choisir sa contraception,d1b04093-36f5-4b02-ba44-b0b9c2e8c039,"Se protéger et de choisir sa contraception permet d'éviter les risques de grossesse non désirée et de maladies sexuellement transmissibles. Il est essentiel de considérer la charge contraceptive, c'est-à-dire la responsabilité et les conséquences liées à l'utilisation de celui ou celle qui utilise la contraception. Les outils en ligne peuvent offrir de nombreuses options en matière de contraception, mais il est important de se faire accompagner par un professionnel de santé pour choisir la méthode la plus adaptée à ses besoins et à sa situation",,Trousse à pharmacie,9a06be59-b668-4673-801b-774e9405e4a7,Salle de bain,7190a5b0-92e3-42cb-884e-73b5caa2d5b0,National,Choisir sa contraception,8d83dbe5-e3b4-479b-adf7-5650909b8790,Ce questionnaire vous guidera dans les différents choix qui s'offrent à vous quant à votre contraception,https://questionnaire.choisirsacontraception.fr/,
Créer sois-même ses produits d’entretiens,e80fae24-a9b7-4a3a-b18e-f27066ff0f5e,"Le numérique peut aider à trouver des recettes pour fabriquer soi-même ses produits d'entretien à partir d'ingrédients simples et écologiques. Cependant il est important de respecter les normes de sécurité environnementales et de stockage des produits utilisés, pour éviter tout risque pour la santé ou l'environnement.",,Évier,32be3aad-923a-42a6-af0b-f03e58a85b51,Cuisine,587e65f0-971e-48a0-bb63-9146f2c2c127,National,4 Recettes de produits ménagers maison,8ff01ff2-d14b-4cb8-9566-bb3dcbbea6fd,"Un anticalcaire, de la lessive, de l'assouplissant et des tablettes pour lave-vaisselle à faire soi-même...",https://www.youtube.com/watch?v=wt8i6hTwOng,
Se protéger et choisir sa contraception,d1b04093-36f5-4b02-ba44-b0b9c2e8c039,"Se protéger et de choisir sa contraception permet d'éviter les risques de grossesse non désirée et de maladies sexuellement transmissibles. Il est essentiel de considérer la charge contraceptive, c'est-à-dire la responsabilité et les conséquences liées à l'utilisation de celui ou celle qui utilise la contraception. Les outils en ligne peuvent offrir de nombreuses options en matière de contraception, mais il est important de se faire accompagner par un professionnel de santé pour choisir la méthode la plus adaptée à ses besoins et à sa situation",,Trousse à pharmacie,9a06be59-b668-4673-801b-774e9405e4a7,Salle de bain,7190a5b0-92e3-42cb-884e-73b5caa2d5b0,National,Santé publique France,90ae5d2d-5e53-43cd-8fcd-e7df86e5d588,Retrouver tous les choix de contraceptions disponibles,https://www.santepubliquefrance.fr/determinants-de-sante/sante-sexuelle/documents/brochure/choisir-sa-contraception,
Se connecter à internet et gérer ses forfaits mobiles,c48ef9bd-6fe5-454f-ba3e-2ef5f37a90bc,"Se connecter à internet et gérer ses forfaits mobiles peut sembler compliqué, mais c'est essentiel pour pouvoir accéder aux services en ligne et communiquer avec les autres. Pour se connecter à internet, il est important d'avoir une connexion stable et rapide, ce qui peut nécessiter l'achat d'un équipement spécifique. Pour gérer ses forfaits mobiles, il est important de comprendre les différentes options disponibles et de choisir celle qui convient le mieux à vos besoins.

",,Box internet,6b224af1-aad6-45d4-b876-434963208937,Bureau,10e285bc-e7d2-4464-abde-bdc2b7c4204e,National,Carte Fibre,91abc555-a535-40bb-9c92-b3167e3ee5b8,Est-ce que mon logement est relié à la fibre ou bien quand le sera-t-t-il ? La carte de l'ARCEP est la carte officielle de déploiement en France.,https://cartefibre.arcep.fr/index.html?lng=2.3&lat=46&zoom=6.5&mode=normal&legende=true&filter=true&trimestre=2022T4,
Travailler de chez soi (Télétravailler et faire une visioconférence),020f19a0-21fb-4cd4-a86a-ab2a6dea8dcf,"Le télétravail est de plus en plus généralisé dans différentes professions. Il peut offrir des avantages comme la flexibilité et l'économie de temps et d'argent. L’augmentation de télétravailleur est possible grâce à des outils de visioconférence, permettent des réunions en ligne. Cependant, le télétravail peut également entraîner des défis sur la séparation des espaces de travail et de vie personnelle.",,Bureau ordinateur,4aed0ec1-bcfb-4199-8dbe-0944ef56b568,Bureau,10e285bc-e7d2-4464-abde-bdc2b7c4204e,National,Gather ,91d6279b-e9a0-4a30-b5f7-30126bd0d777," Gather.town permet de créer des espaces virtuels interactifs pour organiser des événements, des réunions et des collaborations en ligne. Avec Gather.town, vous pouvez interagir avec d'autres participants à travers des avatars, explorer des salles personnalisables et engager des conversations vidéo en temps réel, offrant ainsi une expérience immersive et conviviale",https://www.gather.town/,
Prendre soin des plantes,bc168278-6adf-4bab-892d-36d5b6773856,"Prendre soin des plantes, c'est leur fournir un environnement sain, les nourrir et les protéger pour favoriser leur croissance et profiter des bienfaits qu'elles offrent.",,Jardinière,1e9e42c9-b5ba-4195-8ec5-5989175e7f1b,Jardin,c36a8e9f-5aff-4c17-9fc0-f174abca030e,National,Dr Jonquille et Mr Ail,927fdb87-f61f-407c-bed2-78f29dfae753,Entreprise de vente de graine bio qui a mis en place une application gratuite pour aider les jardiniers urbains en herbe ,https://app-presentation.djma.fr/?gclid=CjwKCAjw1YCkBhAOEiwA5aN4AQptfbNF0Yo3wux0BWSxBnl87VG87LG77ETvmFN5AhubvWm-EmObfxoCyQwQAvD_BwE,
Prendre soin de sa santé mentale,dc2cec5c-c2ed-4a2f-bbbf-1f71a88eac00,"Pour prendre soin de sa santé mentale, il est important de faire des activités relaxantes, de pratiquer une activité physique régulière et d'avoir une alimentation équilibrée. Il est également important de savoir quand demander de l'aide et de ne pas hésiter à consulter un professionnel de santé mentale si nécessaire.",,Miroir et lavabo,f5849ae9-e6c3-462a-9dee-667517b5584a,Salle de bain,7190a5b0-92e3-42cb-884e-73b5caa2d5b0,National,Ameli,93634339-ffcc-4357-a89f-a6638b8e5d96,"Ameli propose des information et fiches pratiques sur la santé mentale des jeunes, jeunes adultes et adultes",https://www.ameli.fr/assure/sante/themes/sante-mentale,
"Apprendre en s’amusant avec un podcast, un tutoriel, etc.",8f3a0a6e-e951-4e75-ab18-25e35f7220ab,"Pour continuer son apprentissage tout au long de sa vie il existe plusieurs façons amusantes d'apprendre en ligne, notamment les jeux éducatifs, les vidéos et applications éducatives, les cours en ligne, les blogs et sites web éducatifs, ainsi que les réseaux sociaux. Ces ressources peuvent être utilisées pour apprendre de manière interactive sur une variété de sujets, y compris les mathématiques, les langues, les sciences, l'histoire, l'art et la culture. En explorant ces différentes méthodes, vous pouvez trouver celle qui vous convient le mieux pour apprendre en vous amusant sur Internet. 
",,Dictionnaire,10dd9ae9-97e8-4654-b8ad-499a2c9f81ba,Bureau,10e285bc-e7d2-4464-abde-bdc2b7c4204e,National,Culture Quiz,94231c37-eb54-44ad-bce3-00050b7b6b6f,"La chaîne youtube des Quiz de Culture Générale. Toutes les semaines de nouveaux quiz pour tester vos connaissances sur les animaux, la géographie, le cinéma, l'histoire, les sciences, et bien plus encore... ",https://www.youtube.com/@CultureQuizz,
Rester en bonne santé avec le bon équilibre alimentaire,0d507ed2-9a6e-4845-92b0-79af4ef0f298,"Il est essentiel de maintenir une alimentation équilibrée pour rester en bonne santé. Cela implique de consommer des aliments variés en quantités adaptées, tout en évitant les aliments trop gras, sucrés ou salés. ",,Four et gazinière,98de0ca0-cd0e-4f62-a839-b7568bc62826,Cuisine,587e65f0-971e-48a0-bb63-9146f2c2c127,National,Manger Bouger,9ba715e4-5ceb-4950-b47c-d655780a3823,"Si vous en mangez moins, sachez qu’augmenter même légèrement sa consommation de légumes et de fruits est bon pour la santé. L’idéal est de varier les fruits et légumes et de les intégrer le plus souvent possible dans vos recettes : gratins, tartes salées ou sucrées…
",https://www.mangerbouger.fr/l-essentiel/les-recommandations-sur-l-alimentation-l-activite-physique-et-la-sedentarite/augmenter/augmenter-les-fruits-et-legumes,
Regarder des vidéos,f17872cf-6de3-4ce0-9197-bc768c711d1d,"Regarder des vidéos sur Internet offre une variété de contenus, mais cela peut aussi présenter des risques pour les personnes ne sachant pas utiliser Internet. Les plateformes de vidéos peuvent contenir des publicités trompeuses, des commentaires inappropriés et des contenus offensants. Il est important de vérifier la source et le contenu de la vidéo avant de la regarder, et éviter la surconsommation.",,TV et console vidéo,674677cc-7ddd-492e-96fd-47d95acf4219,Salon,98dd6d2c-8ede-45c4-a0ea-490e988fd48b,National,Archive.org,9e603127-1f3f-4e86-93f0-24b28c1bd431,"Près de 30000 films, reportages et documentaires en Français. Gratuits et libres de droit.",https://archive.org/details/movies?&and[]=languageSorter%3A%22French%22,
S’informer et suivre l’actualité,a1830f11-55c5-40bc-bd51-5ee5d80dff30,"S'informer et suivre l'actualité sur internet est une pratique de plus en plus courante. Cela permet d'accéder rapidement à une grande quantité d'informations, mais il est important de savoir trier et vérifier les sources pour éviter les fake news. Les réseaux sociaux peuvent être utiles, mais il est préférable de privilégier les sites d'information fiables et de se méfier des articles à sensation. De plus, il est important de respecter les droits d'auteur et de ne pas partager des contenus illégaux.",,Journal,56c3ae0d-0b81-4580-82be-c4280ea913c4,Salon,98dd6d2c-8ede-45c4-a0ea-490e988fd48b,National,Hugo Décrypte,a251f323-d6e7-4099-b21b-00591d5e0229,"Chaque jour du lundi au vendredi, sur cette chaîne, un résumé de l'actualité du jour.",https://www.youtube.com/@HugoDecrypte,
Partager la charge mentale de la famille (égalité femme / homme),9cf73f1f-3ca6-4c86-91e0-04f2f2fb4582,Le numérique peut aider à partager la charge mentale de la famille en facilitant la communication et la coordination des tâches entre les membres de la famille. Cela peut répondre à une meilleure répartition des responsabilités entre les hommes et les femmes et contribuer à une plus grande égalité entre les sexes. ,,Tables et chaises,91004a04-0983-4720-b7a1-e9ef22658a3c,Cuisine,587e65f0-971e-48a0-bb63-9146f2c2c127,National,Répondre aux arguments contre la charge mentale,a835f3fc-9d3e-4012-83bd-3705f6df7ff1,5 arguments contre la charge mentale déconstruits pour une plus juste répartition des tâches domestiques et familiales.,https://www.youtube.com/watch?v=zsUANV6DGyY,
Contrôler son état de santé,12be9e88-1b51-4ecb-8910-3ae17bc725c8,"Pour contrôler son état de santé, il est important de se renseigner auprès de professionnels de santé qualifiés, de prendre des rendez-vous réguliers et de suivre les prescriptions médicales. Pour cela, il est important d'avoir un médecin traitant déclaré qui peut être une ressource de confiance. Les applications mobiles et les objets connectés peuvent également être utiles pour suivre et enregistrer ses données de santé, notamment pour surveiller son poids et prévenir l'obésité, mais il est essentiel de veiller à leur fiabilité et à leur sécurité.",,Balance,31255aa5-7160-4663-86e0-8358558abdca,Salle de bain,7190a5b0-92e3-42cb-884e-73b5caa2d5b0,National,Ameli,aa3956a6-31ad-4b9f-be98-c4329ac1c6fe,Trouver un professionnel de santé près de chez vous,http://annuairesante.ameli.fr/,
Prendre soin de sa santé mentale,dc2cec5c-c2ed-4a2f-bbbf-1f71a88eac00,"Pour prendre soin de sa santé mentale, il est important de faire des activités relaxantes, de pratiquer une activité physique régulière et d'avoir une alimentation équilibrée. Il est également important de savoir quand demander de l'aide et de ne pas hésiter à consulter un professionnel de santé mentale si nécessaire.",,Miroir et lavabo,f5849ae9-e6c3-462a-9dee-667517b5584a,Salle de bain,7190a5b0-92e3-42cb-884e-73b5caa2d5b0,National,Manger bouger,ae05cbb8-27fb-465f-9396-2a1916f36d3f,"Recettes, idées d'activités et astuces pour manger mieux et bouger plus",https://www.mangerbouger.fr/,
"Avoir une bonne hygiène au quotidien (dents, mains)",ed8dd7bf-97bc-4edc-b531-bc5a3d30ae51,"Avoir une bonne hygiène au quotidien est essentiel pour maintenir une bonne santé. Cela implique de se laver les mains régulièrement, de prendre soin de sa peau et de sa bouche, de porter des vêtements propres et de veiller à l'hygiène de son environnement. En adoptant de bonnes pratiques d'hygiène, nous pouvons prévenir de nombreuses maladies et infections et vivre en meilleure santé",,Miroir et lavabo,f5849ae9-e6c3-462a-9dee-667517b5584a,Salle de bain,7190a5b0-92e3-42cb-884e-73b5caa2d5b0,National,Passeport sante,b008dcab-7f67-41f4-84de-b23252a99738,Conseils pour une bonne hygiène corporelle,https://www.passeportsante.net/fr/Actualites/Dossiers/DossierComplexe.aspx?doc=gestes-adopter-hygiene-corporelle,
Apprendre à être parents et prendre soin d’un bébé,91cced25-9d56-4611-9c36-8f62d4f8ccb8,"Devenir parents est autant une joie qu'un bouleversement dans une vie et savoir comment s'y prendre n'est pas inné. Pour vivre positivement la parentalité, il est important de s'informer sur les différents aspects tels que l'alimentation, l'hygiène et le développement de l'enfant. Il existe important de trouver, des informations fiables qui nous correspondent, mais l'expérience et l'entraide sont tout aussi importantes. Chaque parent est différent et il n'y a pas de méthode universelle pour élever un enfant, donc il ne faut pas se culpabiliser et faire de son mieux en fonction de ses propres valeurs et de celles de sa famille.",,Lit enfant,7cf7045f-d605-44fa-b4e6-bcc121624871,Chambre,6ac60b3d-66c2-4c41-ae31-43e87e776b4d,National,Naître et grandir,b319c4dd-8502-4b35-a40e-32bbb6f450fd,"Naître et grandir vous propose de nombreuses ressources pour vous accompagner dans la parentalité, de la grossesse jusqu'à ce que votre enfant ait 8 ans",https://naitreetgrandir.com/fr/chroniques/apprendre-a-etre-parent/,
Jouer et se divertir seul et en famille,e9f7ca2a-c8b8-4d15-8fa2-6564847f97b9,"Jouer et se divertir sur internet est devenu une pratique courante pour beaucoup de personnes, que ce soit seul ou en famille. Cela permet de découvrir de nouveaux jeux, de passer le temps de manière ludique et de partager des moments de convivialité. ",,Table basse,ca5e4efa-d9e4-485b-af10-e4d6c2baa5cd,Salon,98dd6d2c-8ede-45c4-a0ea-490e988fd48b,National,ROLL 20,b61ec059-2369-4bda-85d8-414089b0a3e2,"Rejoignez une partie de Jeu de Rôle (Dungeons & Dragons, PathFinder...) avec des joueurs du monde entier dans un espace virtuel à l'ambiance adaptée au jeu... ",https://roll20.net,
Planifier mes déplacements,d60d5968-90f2-4c40-892e-6ba495a133f4,"Planifier ses déplacements en utilisant les outils numériques tels que les applications de cartographie et les horaires de transport en commun peut aider à optimiser son temps et à réduire les coûts de transport. Cependant, il est important de se familiariser avec ces outils pour en tirer le meilleur parti et de se rappeler de vérifier les mises à jour en temps réel pour éviter les imprévus.
",,Vélo,623b4cd1-2735-4ce0-993a-51d26ed1da99,Garage,be3c0c63-5d14-45b9-be84-0bd4306ca7e0,National,SNCF,b9765c26-92ce-47ef-9ce0-7075cf356c1a,Réservez vos billets de train et de bus,https://www.sncf-connect.com/,
Produire des contenus numériques et les diffuser.,ff37dd2b-c376-4d3b-ab6d-0c96beac89da,"Produire des contenus numériques, comme des vidéos, des photos ou des textes, est devenu accessible à tous grâce aux outils numériques. Cependant, leur diffusion doit être effectuée avec prudence, en respectant les droits d'auteur et la vie privée des autres. La création de contenus peut également impliquer l'utilisation de logiciels spécifiques, nécessitant une certaine formation. Pour les diffuser, les réseaux sociaux sont souvent utilisés, mais il est important de comprendre les risques liés à la publication de contenus en ligne, notamment en termes de cybersécurité et de respect de la vie privée.",,Bureau ordinateur,4aed0ec1-bcfb-4199-8dbe-0944ef56b568,Bureau,10e285bc-e7d2-4464-abde-bdc2b7c4204e,National,Creative Commons,bc8d54f6-7531-4b1d-b7c8-ee4443f4b2f4,"Gérer de façon précise ce que les internautes ont le droit de faire avec vos données (modification, distribution, commerce, etc.) avec une licence et des icônes simples.",https://creativecommons.org/licenses/?lang=fr-FR,
Gérer de manière économe et responsable sa consommation d’eau et d’énergie,2b342350-63d5-4d25-babd-287967896458," L'accés à l'eau étant de plus en plus restraint, il est important d'en préserver la qualité pour protéger notre environnement et notre santé. Pour réduire notre impact environnemental, nous pouvons commencer à  l'utilisation de produits respectueux de l'environnement. Des applications mobiles peuvent également nous aider à identifier les sources de pollution de l'eau et à agir en conséquence.",,Évier,32be3aad-923a-42a6-af0b-f03e58a85b51,Cuisine,587e65f0-971e-48a0-bb63-9146f2c2c127,National,Agir pour la transition,c433ea32-c169-4348-b943-143c565f6f79,La facture d’eau des ménages français n’est pas anodine puisqu’elle se situe à hauteur de 500 € par an. Sans compter le coût de l’énergie nécessaire pour la chauffer. Une bonne raison de réduire sa consommation d’eau !,https://agirpourlatransition.ademe.fr/particuliers/conso/conso-responsable/astuces-economiser-leau-a-maison-alleger-factures,
Se connecter à la nature,9dd606a9-40ce-4505-861e-6feb5d9833e7,"Prendre le temps de s'immerger dans la nature permet de développer un sentiment de respect et de responsabilité envers notre planète, ainsi qu'une prise de conscience de notre interdépendance avec les écosystèmes qui nous soutiennent. Cela est bénéfique pour l'équilibre mental et émotionnel et permet de s'inspirer à travers la beauté et la sagesse de la nature.",,Jardinière,1e9e42c9-b5ba-4195-8ec5-5989175e7f1b,Jardin,c36a8e9f-5aff-4c17-9fc0-f174abca030e,National,Visio Rando,c5f236cd-647c-47ce-9f8a-041af53c6a81,Site participatif répertoriant des parcours de rando de tout niveaux à travers la France,https://www.visorando.com/,
Prendre soin de sa santé mentale,dc2cec5c-c2ed-4a2f-bbbf-1f71a88eac00,"Pour prendre soin de sa santé mentale, il est important de faire des activités relaxantes, de pratiquer une activité physique régulière et d'avoir une alimentation équilibrée. Il est également important de savoir quand demander de l'aide et de ne pas hésiter à consulter un professionnel de santé mentale si nécessaire.",,Miroir et lavabo,f5849ae9-e6c3-462a-9dee-667517b5584a,Salle de bain,7190a5b0-92e3-42cb-884e-73b5caa2d5b0,National,sante.gouv,cba4b85a-ffd3-4161-8968-6f5d5e3ab5c5,"Recommandation sur l'activité physique, la sédentarité et les mobilités actives",https://sante.gouv.fr/prevention-en-sante/preserver-sa-sante/article/activite-physique-et-sante,
Stocker et archiver ses affaires et ses données,f411d459-b6e7-4e06-9c1d-692cab4f46bc,"Pour stocker et archiver ses affaires et ses données de manière efficace et sécurisée, il est important de trier régulièrement et de les organiser dans des espaces de stockage adaptés. Utiliser des solutions numériques comme les services de stockage en ligne peut également être pratique et sûr.",,Etagère stockage,c4ee5121-4b09-4dd1-b707-26ac6626251a,Garage,be3c0c63-5d14-45b9-be84-0bd4306ca7e0,National,Cybermalveillance.gouv,ce4508f4-9a8c-4108-8e79-ebec1129b84a,,https://www.cybermalveillance.gouv.fr/tous-nos-contenus/bonnes-pratiques/sauvegardes,
S’informer sur la provenance et la constitution de ses aliments,269c9853-a39f-488a-b338-448f7221fe9b,"Il est important de savoir d'où viennent nos aliments et leur composition pour notre santé. Internet offre des informations précieuses, mais il est également important de vérifier la fiabilité des sources utilisées.",,Cagibi,89f307e7-e867-41d5-a189-fcc168933681,Cuisine,587e65f0-971e-48a0-bb63-9146f2c2c127,National,Open Food Fact,cf2b3cbc-fa00-4b16-a3d3-0c3b607fc562,"Open Food Facts est un site et une application mobile permettant d'accéder et de contrinuer à une immense base de données de produits alimentaires créée par tous et pour tous.

",https://fr.openfoodfacts.org,
Bien vieillir,cb3c345d-98ef-47d2-9977-54e9b02d9af2,"Pour bien vieillir, il est important de maintenir une vie active et sociale, de veiller à une alimentation équilibrée et adaptée à ses besoins, et de faire régulièrement de l'exercice physique. Il est également essentiel de préserver sa santé mentale en pratiquant des activités qui favorisent le bien-être et en restant connecté avec ses proches et la communauté.",,Miroir et lavabo,f5849ae9-e6c3-462a-9dee-667517b5584a,Salle de bain,7190a5b0-92e3-42cb-884e-73b5caa2d5b0,National,Pour bien vieillir ,d13e87a3-2df8-4529-bd0b-de982a229d40,"pour bien vieillir concentre des information et ressources à destination des séniors sur l'équilibre psychologique, physique et social",https://www.pourbienvieillir.fr,
La scolarité / éducation,54cce711-5dee-46b7-a316-9739f256d9f5,"Pour entrerprendre et suivre la scolarité de ses enfants, de nombreuses démarches et demandes de renseignements peuvent être effectuées en ligne. Cela vous permet de limiter vos déplacements et d’obtenir rapidement, à distance, de nombreuses informations et des éléments fournis par le rectorat et les services de l’éducation nationale.",,Cartable,6ba8efb3-c66b-4689-abd0-1d68d9685778,Bureau,10e285bc-e7d2-4464-abde-bdc2b7c4204e,National,ENT,d2f2ccab-d2d9-4f7b-a28e-30a757b8a43e,,,
Gérer son image et prendre conscience de soi,6fce679f-64a1-4f7e-b147-34e725246bd4,"Pour gérer son image et prendre conscience de soi, il est important de contrôler ses traces numériques, de ne pas surexposer sa vie privée en ligne et de respecter les autres sur les réseaux sociaux. Il est également essentiel de s'informer et de se former aux enjeux de la sécurité numérique pour protéger sa vie privée et son identité en ligne. Enfin, il est recommandé de prendre régulièrement du recul sur sa propre image en ligne pour éviter toute forme de surconsommation et de dépendance aux réseaux sociaux.
",,Miroir et lavabo,f5849ae9-e6c3-462a-9dee-667517b5584a,Salle de bain,7190a5b0-92e3-42cb-884e-73b5caa2d5b0,National,e-enfance,d435b78c-3461-41ed-a879-03de322584b5,E-enfance vous donne des conseils et des règles de sécurité afin d'évoluer sur les réseau sociaux dans un cadre sécurisé. A destination des pjeunes et des parents,https://e-enfance.org/informer/reseaux-sociaux/,
Planifier mes déplacements,d60d5968-90f2-4c40-892e-6ba495a133f4,"Planifier ses déplacements en utilisant les outils numériques tels que les applications de cartographie et les horaires de transport en commun peut aider à optimiser son temps et à réduire les coûts de transport. Cependant, il est important de se familiariser avec ces outils pour en tirer le meilleur parti et de se rappeler de vérifier les mises à jour en temps réel pour éviter les imprévus.
",,Vélo,623b4cd1-2735-4ce0-993a-51d26ed1da99,Garage,be3c0c63-5d14-45b9-be84-0bd4306ca7e0,National,Blablacar,d47397dc-76e0-42d7-87cd-2638aef6a94a,Blabalcar est une plateforme mettant de covoiturage ,https://www.blablacar.fr/,
Avoir un sommeil de qualité et réparateur,184fa9c3-40d3-4581-bbd9-3afe0cf6c18d,"Le sommeil est une de composante majeur de notre santé. Pour un sommeil de qualité, il est important de maintenir une routine de sommeil régulière, d'éviter les écrans avant de se coucher et de créer un environnement propice au sommeil. Des outils peuvent être utiles pour surveiller la qualité de votre sommeil, mais il est important de ne pas se fier uniquement à la technologie pour réguler son rythme de sommeil et d'adapter sont rythme de vie.",,Lit,ee9a23e6-ed9b-4a09-ba2c-a6cdb3960f04,Chambre,6ac60b3d-66c2-4c41-ae31-43e87e776b4d,National,Institut national du sommeil et de la vigilance,d7bb4ba7-5c48-47b9-be1f-40bfee6e98cb,Retrouvez toutes les informations utiles sur le sommeil,https://institut-sommeil-vigilance.org/tout-savoir-sur-le-sommeil/,
Faire des démarches administratives et accéder à ses droits,863a9653-4bd2-4242-8daa-bd6b214318d2,"De nos jours les démarches administratives sont quasiment toutes démarterialisées, avoir un contact avec une vraie personne s'avère compliqué, c'est pourquoi s'informer sur ses droits sociaux est indispensable. Il est possible de faire des simulations en ligne pour savoir à quelles aides nous sommes eligibles. Selon votre situation, différentes informations, structures sont partagées pour réaliser des démarches adaptées à vos besoins.",,Etagère à dossier,4ac3580b-5470-46d8-8d90-5530b1a9e095,Bureau,10e285bc-e7d2-4464-abde-bdc2b7c4204e,National,Mes droits sociaux,d7d27172-bca8-4f74-89ce-5790e547e7d3,"Sur un seul site, simulez vos droits sociaux auprès de plus d'une dizaines de services publics (CAF, Assurance Maladie, CARSAT, etc.). Vous pouvez aussi suivre vos ressources sur les 12 derniers mois.",https://www.google.com/search?client=safari&rls=en&q=mes+droits+sociaux&ie=UTF-8&oe=UTF-8,
Contrôler son état de santé,12be9e88-1b51-4ecb-8910-3ae17bc725c8,"Pour contrôler son état de santé, il est important de se renseigner auprès de professionnels de santé qualifiés, de prendre des rendez-vous réguliers et de suivre les prescriptions médicales. Pour cela, il est important d'avoir un médecin traitant déclaré qui peut être une ressource de confiance. Les applications mobiles et les objets connectés peuvent également être utiles pour suivre et enregistrer ses données de santé, notamment pour surveiller son poids et prévenir l'obésité, mais il est essentiel de veiller à leur fiabilité et à leur sécurité.",,Balance,31255aa5-7160-4663-86e0-8358558abdca,Salle de bain,7190a5b0-92e3-42cb-884e-73b5caa2d5b0,National,sante.gouv,d7fc79d3-a0d2-474a-a716-50e71935719a,"Information sur les modalités d'accès aux soins en france, notamment sur le choix du médecin traitant et du remboursement des consultations",https://sante.gouv.fr/systeme-de-sante/parcours-de-sante-vos-droits/modeles-et-documents/guide-usagers-votre-sante-vos-droits/article/fiche-1-l-acces-aux-soins,
"Bricoler, fabriquer soi-même et apprendre à utiliser les outils",9029c5f3-0f25-46bf-bc09-ec1416871e4a,"Bricoler et fabriquer soi-même permet de développer ses compétences manuelles et sa créativité, tout en offrant la satisfaction de voir ses projets se concrétiser. Apprendre à utiliser les outils est essentiel pour travailler en sécurité et obtenir de meilleurs résultats.",,Etablis à outils,14089ede-da47-4eac-8764-b643a3df20b9,Garage,be3c0c63-5d14-45b9-be84-0bd4306ca7e0,National,TWIZA,e17281b9-5e48-4d67-906d-b451c0421924,"Réseau d'entraide pour un habitat écologique, convivial et résilient qui proposent un grand nombre de chantier participatif dans toute la France",https://fr.twiza.org/,
Prendre soin de sa santé mentale,dc2cec5c-c2ed-4a2f-bbbf-1f71a88eac00,"Pour prendre soin de sa santé mentale, il est important de faire des activités relaxantes, de pratiquer une activité physique régulière et d'avoir une alimentation équilibrée. Il est également important de savoir quand demander de l'aide et de ne pas hésiter à consulter un professionnel de santé mentale si nécessaire.",,Miroir et lavabo,f5849ae9-e6c3-462a-9dee-667517b5584a,Salle de bain,7190a5b0-92e3-42cb-884e-73b5caa2d5b0,National,sante.fr,e346a665-cc48-43c7-8e99-29b515113a71,sante.fr apporte des éléments d'information sur la santé mentale et sur les moyens de la préserver,https://www.sante.fr/comment-prendre-soin-de-sa-sante-mentale,
Écouter et découvrir de la musique,16648da3-d810-4546-abb7-92469622347b,"Internet offre une variété de plateformes pour écouter et découvrir de la musique. Les enjeux comprennent la protection des droits d'auteur, la qualité du son, l'ergonomie des plateformes et la découverte de nouveaux artistes. Les utilisateurs doivent être conscients des risques potentiels de téléchargement illégal.",,Chaîne Hifi,5182f9c7-bcde-42d9-ad2c-4213a3697ac6,Salon,98dd6d2c-8ede-45c4-a0ea-490e988fd48b,National,SoundCloud,e3af6741-8941-4cf2-9443-b72215ad46be,"Plateforme de musique et de podcast gratuite, sans publicité ni exploitation des données personnelles",https://soundcloud.com,
"Mieux utiliser ses déchets : cuisiner les restes, réutiliser, composter, trier",146e85b3-4af9-4e4f-8599-e09b8208b2c1,Le numérique peut être utile pour apprendre à mieux utiliser ses déchets en offrant des astuces et recettes pour cuisiner les restes et réutiliser les aliments. Certains services en lignes permettent également de mieux trier ses déchets et de trouver les lieux de collecte proches de chez-sois. Le compostage peut également être facilité grâce à internet proposant des conseils et des outils pour composter à la maison. ,,Poubelle,9baefb2e-6442-480b-a735-7f4a2aa266c3,Cuisine,587e65f0-971e-48a0-bb63-9146f2c2c127,National,Réussir son compost,e409ee11-cd9b-47bd-9e91-d1b965aceb9d,À quoi sert le compost ? Quelle compostière choisir ? Et quels déchets y jeter ? Des conseils pour réussir son compostage domestique.,https://www.ecoconso.be/fr/content/tout-ce-quil-faut-savoir-pour-reussir-son-compost,
Planifier mes déplacements,d60d5968-90f2-4c40-892e-6ba495a133f4,"Planifier ses déplacements en utilisant les outils numériques tels que les applications de cartographie et les horaires de transport en commun peut aider à optimiser son temps et à réduire les coûts de transport. Cependant, il est important de se familiariser avec ces outils pour en tirer le meilleur parti et de se rappeler de vérifier les mises à jour en temps réel pour éviter les imprévus.
",,Vélo,623b4cd1-2735-4ce0-993a-51d26ed1da99,Garage,be3c0c63-5d14-45b9-be84-0bd4306ca7e0,National,Mobicoop,e44c6259-8ecd-4317-83c2-c786e99dbf96,"Mobicoop est une plateforme de covoiturage libre, sans commision et coopératif",https://www.mobicoop.fr/,
Apprendre à être parents et prendre soin d’un bébé,91cced25-9d56-4611-9c36-8f62d4f8ccb8,"Devenir parents est autant une joie qu'un bouleversement dans une vie et savoir comment s'y prendre n'est pas inné. Pour vivre positivement la parentalité, il est important de s'informer sur les différents aspects tels que l'alimentation, l'hygiène et le développement de l'enfant. Il existe important de trouver, des informations fiables qui nous correspondent, mais l'expérience et l'entraide sont tout aussi importantes. Chaque parent est différent et il n'y a pas de méthode universelle pour élever un enfant, donc il ne faut pas se culpabiliser et faire de son mieux en fonction de ses propres valeurs et de celles de sa famille.",,Lit enfant,7cf7045f-d605-44fa-b4e6-bcc121624871,Chambre,6ac60b3d-66c2-4c41-ae31-43e87e776b4d,National,Vie publique ,e6d0203e-0698-4782-8b78-b03e0ac5a67a,Retrouvez toutes les ressources sur l'aide à la parentalité,https://www.vie-publique.fr/fiches/37956-en-quoi-consiste-le-soutien-la-parentalite,
Partager des savoir-faire et cuisiner ensemble (parentalité),5acd5993-3fb7-464d-843b-88549a2fd1a4,L'utilisation d'Internet pour partager des recettes et des savoir-faire culinaires peut aider les parents à impliquer leurs enfants dans la cuisine et à leur apprendre des compétences culinaires importantes.,,Tables et chaises,91004a04-0983-4720-b7a1-e9ef22658a3c,Cuisine,587e65f0-971e-48a0-bb63-9146f2c2c127,National,L'observatoire de la parentalité et de l'éducation au numérique (OPEN),e78ae3d5-e7db-47d1-8581-d9790c598299,L’Observatoire de la Parentalité & de l’Éducation Numérique (OPEN) est la première association française 100% mobilisée autour de l’accompagnement des parents et des professionnels sur les sujets de parentalité numérique…,https://www.open-asso.org,
Prendre soin de sa santé mentale,dc2cec5c-c2ed-4a2f-bbbf-1f71a88eac00,"Pour prendre soin de sa santé mentale, il est important de faire des activités relaxantes, de pratiquer une activité physique régulière et d'avoir une alimentation équilibrée. Il est également important de savoir quand demander de l'aide et de ne pas hésiter à consulter un professionnel de santé mentale si nécessaire.",,Miroir et lavabo,f5849ae9-e6c3-462a-9dee-667517b5584a,Salle de bain,7190a5b0-92e3-42cb-884e-73b5caa2d5b0,National,e-enfance,e8869064-5aa9-4105-83a4-34980a979005,Information sur l'exposition aux écrans des enfants. Conseils pour conserver la maîtrise de ses outils numériques,https://e-enfance.org/informer/surexposition-aux-ecrans/,
Se protéger et choisir sa contraception,d1b04093-36f5-4b02-ba44-b0b9c2e8c039,"Se protéger et de choisir sa contraception permet d'éviter les risques de grossesse non désirée et de maladies sexuellement transmissibles. Il est essentiel de considérer la charge contraceptive, c'est-à-dire la responsabilité et les conséquences liées à l'utilisation de celui ou celle qui utilise la contraception. Les outils en ligne peuvent offrir de nombreuses options en matière de contraception, mais il est important de se faire accompagner par un professionnel de santé pour choisir la méthode la plus adaptée à ses besoins et à sa situation",,Trousse à pharmacie,9a06be59-b668-4673-801b-774e9405e4a7,Salle de bain,7190a5b0-92e3-42cb-884e-73b5caa2d5b0,National,Pill'Opps ,eca5f7e2-2ecf-4d53-8434-5d3d634f1083,Application du Planning familial : suivi de sa prise de contraception. A telecharger sur toutes les appli store,https://www.planning-familial.org/fr/pilloops-lappli-pour-suivre-votre-prise-de-pilule-plus-facilement-334,
Accéder à un professionnel de santé,ef077fdb-9689-448b-96f4-89ec5c0a8194,"Pour accéder à un professionnel de santé de manière efficace, il est important de privilégier les services en ligne officiels et sécurisés, tels que les plateformes de rendez-vous médicaux. Il est également recommandé de se renseigner sur les sites internet et les applications proposant des conseils de santé, en vérifiant leur fiabilité et en évitant les informations alarmistes ou trompeuses. Les règles de confidentialité des données de santés ne sont pas anodine, aussi il est important de pas divulguer d'informations personnelles sensibles en ligne ou à n'importe qui.",,Trousse à pharmacie,9a06be59-b668-4673-801b-774e9405e4a7,Salle de bain,7190a5b0-92e3-42cb-884e-73b5caa2d5b0,National,Mon espace santé,f1507175-b594-46d3-9146-ae4fae8259a1,Mon espace santé vous offre la possibilité de partager vos documents et données de santé en toute sécurité avec un professionnel de santé,https://www.monespacesante.fr/,
"Composter, cultiver son potager",d36abff1-b458-4a23-910b-438d94a1bc2e,"Composter, c'est transformer les déchets organiques en engrais naturel. Cultiver son potager, c'est produire des aliments frais et sains de manière respectueuse de l'environnement.",,Arrosoir,ec09f268-e1a8-4d76-8909-b986c6601ffb,Jardin,c36a8e9f-5aff-4c17-9fc0-f174abca030e,National,Easy Compost,f1ab95d9-69a5-4121-85ef-cb9a3abee8f4,"L’application pratique et ludique qui vous aide à adopter les bons gestes et à bien trier vos déchets organiques.
",,
Se protéger et choisir sa contraception,d1b04093-36f5-4b02-ba44-b0b9c2e8c039,"Se protéger et de choisir sa contraception permet d'éviter les risques de grossesse non désirée et de maladies sexuellement transmissibles. Il est essentiel de considérer la charge contraceptive, c'est-à-dire la responsabilité et les conséquences liées à l'utilisation de celui ou celle qui utilise la contraception. Les outils en ligne peuvent offrir de nombreuses options en matière de contraception, mais il est important de se faire accompagner par un professionnel de santé pour choisir la méthode la plus adaptée à ses besoins et à sa situation",,Trousse à pharmacie,9a06be59-b668-4673-801b-774e9405e4a7,Salle de bain,7190a5b0-92e3-42cb-884e-73b5caa2d5b0,National,Question sexualité,f378c23f-c49d-42d8-9910-921244f29aea,"Ce site public vous permet de vous informer sur les infections et maladies, la contraception, votre corps et votre sexualité",https://questionsexualite.fr/,
Trouver des invendus et des bonnes affaires pour éviter le gaspillage,4e343338-df53-4ec8-af74-0151a50bbc88,"Le numérique permet aujourd'hui de lutter contre le gaspillage alimentaire en proposant des plateformes pour acheter des invendus à prix réduits. Cela peut aider les personnes à faibles revenus, réduire la quantité de nourriture jetée et ainsi avoir un impact positif sur l'environnement.",,Poubelle,9baefb2e-6442-480b-a735-7f4a2aa266c3,Cuisine,587e65f0-971e-48a0-bb63-9146f2c2c127,National,Donnons,f44b1d23-bfcb-4195-95be-b1f3161031e0,"Donnons.org est le site de référence du don d'objets sur Internet.
Gratuit et au service de tous, il participe depuis 10 ans à l'entraide sociale, l'économie circulaire et à la réduction des déchets.",https://donnons.org,
héberger (migrant / touriste / couchsurfing / airbnb / etc.),6bde136d-4b47-434d-bc57-f936175ec00b,"L'hébergement chez l'habitant via internet présente plusieurs avantages. Pour les voyageurs, il peut offrir une alternative moins coûteuse aux hôtels et leur permettre de vivre une expérience plus authentique. Cela peut permettre aussi de répondre à des enjeux de solidarité, en hébergeant des personnes dans le besoin.",,Canapé,1fdde539-1bb3-48b2-8d8e-80e5069aeba5,Salon,98dd6d2c-8ede-45c4-a0ea-490e988fd48b,National,Les oiseaux de passage,f56c0087-58e0-49d3-8479-15333aa564b2,"Une plateforme coopérative qui privilégie l’échange et la rencontre entre habitants, professionnels et voyageurs, d‘humain à humain. Le tout sans intrusion publicitaire, ni profilage.",https://lesoiseauxdepassage.coop/search?type=accomodation,
"Avoir un bon usage de l’eau, faire attention à la pollution de l’eau",bac7a622-00b8-4ca4-aa88-e8819b7dbc69,"L'accès à l'eau est un droit, mais avec le réchauffement climatique la ressource en eau va diminuer et son accès sera de plus en plus contraint. Pour cela, il est nécessaire de faire attention à notre consommation d'eau. Pour réduire notre consommation nous pouvons adopter la pratique de récupération d'eau de pluie. ",,Chauffe eau,7852c0b7-c9ac-4834-a556-ad2e3b0bc996,Salle de bain,7190a5b0-92e3-42cb-884e-73b5caa2d5b0,National,Ademe,f6726dbe-d63b-4190-b8c6-daed4dd62071,Economiser l'eau et alléger ses factures,https://agirpourlatransition.ademe.fr/particuliers/conso/conso-responsable/astuces-economiser-leau-a-maison-alleger-factures,
"Avoir un bon usage de l’eau, faire attention à la pollution de l’eau",bac7a622-00b8-4ca4-aa88-e8819b7dbc69,"L'accès à l'eau est un droit, mais avec le réchauffement climatique la ressource en eau va diminuer et son accès sera de plus en plus contraint. Pour cela, il est nécessaire de faire attention à notre consommation d'eau. Pour réduire notre consommation nous pouvons adopter la pratique de récupération d'eau de pluie. ",,Chauffe eau,7852c0b7-c9ac-4834-a556-ad2e3b0bc996,Salle de bain,7190a5b0-92e3-42cb-884e-73b5caa2d5b0,National,Eau France,f6d33738-267c-4751-afbf-7c7432391850,Service public d'information sur l'eau et les millieux aquatiques,https://www.eaufrance.fr/,
Stocker et archiver ses affaires et ses données,f411d459-b6e7-4e06-9c1d-692cab4f46bc,"Pour stocker et archiver ses affaires et ses données de manière efficace et sécurisée, il est important de trier régulièrement et de les organiser dans des espaces de stockage adaptés. Utiliser des solutions numériques comme les services de stockage en ligne peut également être pratique et sûr.",,Etagère stockage,c4ee5121-4b09-4dd1-b707-26ac6626251a,Garage,be3c0c63-5d14-45b9-be84-0bd4306ca7e0,National,Data.gouv,f8162f0e-f154-43a3-83d1-eef8a4b9caa6,Retrouvez des milliers de données libres sur ce portail gouvernemental ,https://www.data.gouv.fr/fr/,
S’inspirer et se ressourcer autour de la lecture,691a187e-13bc-4f3d-b55c-207041a77403,"Pour s'inspirer et se ressourcer à travers la lecture, il est important de choisir des livres qui répondent à ses centres d'intérêts et à ses besoins. Les plateformes en ligne permettent d'accéder à une grande variété de livres, mais il ne faut pas négliger l'importance des librairies locales. Il est également bénéfique de partager ses découvertes littéraires avec d'autres passionnés de lecture.",,Table de chevet,31262ece-a362-4847-be80-9373c7be63d9,Chambre,6ac60b3d-66c2-4c41-ae31-43e87e776b4d,National,Youscribe,f8695651-e152-4049-8ad3-b413d5ea3edd,Youscribe est une grande biblithèque de livre audio et de journaux numériques,https://www.youscribe.com/,
S’habiller de façon responsable et réparer ses vêtements,03836f92-5de2-4488-a770-f8498d762a33,"Pour s'habiller de manière responsable, il est important d'acheter des vêtements de qualité, de prendre soin de ses vêtements existants en les réparant et en les recyclant, et d'éviter la fast fashion. Les tutoriels en ligne peuvent aider à apprendre à réparer ses vêtements, et les plateformes d'échange ou de vente peuvent permettre de donner une seconde vie à ses vêtements.",,Garde robe,149766bf-4b9d-4383-973c-72034b1c802a,Chambre,6ac60b3d-66c2-4c41-ae31-43e87e776b4d,National,Vinted,fcbed791-e519-4a68-a469-5a747f83495e,,,
